,Localtime,Open,High,Low,Close,Volume,strtime,index2
0,9/18/2019 13:40,221.057,217.7568462,221.037,221.087,1.99,9/18/2019 13:40,0
1,9/18/2019 13:41,221.088,217.5768462,221.058,221.058,1.2675,9/18/2019 13:41,0
2,9/18/2019 13:42,221.068,217.3368462,221.007,221.058,1.2425,9/18/2019 13:42,1
3,9/18/2019 13:43,221.038,217.4568462,221.027,221.058,1.245,9/18/2019 13:43,1
4,9/18/2019 13:44,221.058,217.5168462,221.037,221.057,1.4325,9/18/2019 13:44,2
5,9/18/2019 13:45,221.067,217.4568462,221.058,221.067,0.52,9/18/2019 13:45,2
6,9/18/2019 13:46,221.068,217.3368462,221.007,221.008,0.9275,9/18/2019 13:46,3
7,9/18/2019 13:47,221.007,217.0368462,220.947,221.007,1.0075,9/18/2019 13:47,3
8,9/18/2019 13:48,220.998,217.3368462,220.997,221.048,0.8075,9/18/2019 13:48,4
9,9/18/2019 13:49,221.047,217.3968462,221.027,221.058,1.105,9/18/2019 13:49,4
10,9/18/2019 13:50,221.058,217.6368462,221.038,221.078,0.6375,9/18/2019 13:50,5
11,9/18/2019 13:51,221.097,217.5768462,221.027,221.068,1.265,9/18/2019 13:51,5
12,9/18/2019 13:52,221.058,217.6368462,221.048,221.107,0.9875,9/18/2019 13:52,6
13,9/18/2019 13:53,221.118,217.9368462,221.087,221.158,1.4875,9/18/2019 13:53,6
14,9/18/2019 13:54,221.158,218.8368462,221.128,221.218,1.8675,9/18/2019 13:54,7
15,9/18/2019 13:55,221.217,218.4168462,221.058,221.077,1.2525,9/18/2019 13:55,7
16,9/18/2019 13:56,221.077,218.1168462,221.068,221.148,0.6275,9/18/2019 13:56,8
17,9/18/2019 13:57,221.147,217.8168462,221.057,221.058,0.425,9/18/2019 13:57,8
18,9/18/2019 13:58,221.058,217.4568462,220.998,220.998,0.915,9/18/2019 13:58,9
19,9/18/2019 13:59,221.037,217.3368462,220.997,221.068,0.5475,9/18/2019 13:59,9
20,9/18/2019 14:00,221.158,221.3568462,220.998,221.738,0.3875,9/18/2019 14:00,10
21,9/18/2019 14:01,221.548,220.8168462,220.478,220.478,0.5875,9/18/2019 14:01,10
22,9/18/2019 14:02,220.408,215.1168462,219.997,220.678,0.58,9/18/2019 14:02,11
23,9/18/2019 14:03,220.598,217.2768462,220.537,220.887,0.545,9/18/2019 14:03,11
24,9/18/2019 14:04,220.928,217.4508462,220.697,220.928,0.775,9/18/2019 14:04,12
25,9/18/2019 14:05,220.908,219.1368462,220.857,221.208,1.0725,9/18/2019 14:05,12
26,9/18/2019 14:06,221.278,220.0968462,221.228,221.308,1.245,9/18/2019 14:06,13
27,9/18/2019 14:07,221.308,221.3568462,221.308,221.558,1.21,9/18/2019 14:07,13
28,9/18/2019 14:08,221.548,220.3968462,221.217,221.288,1.1025,9/18/2019 14:08,14
29,9/18/2019 14:09,221.217,218.5908462,221.038,221.038,0.5825,9/18/2019 14:09,14
30,9/18/2019 14:10,221.037,217.2708462,220.788,220.877,2.1225,9/18/2019 14:10,15
31,9/18/2019 14:11,220.807,216.3768462,220.717,220.738,2.16,9/18/2019 14:11,15
32,9/18/2019 14:12,220.718,217.0968462,220.697,220.917,3.08,9/18/2019 14:12,16
33,9/18/2019 14:13,220.917,216.4308462,220.478,220.538,3.9725,9/18/2019 14:13,16
34,9/18/2019 14:14,220.537,214.6968462,219.997,220.048,4.2975,9/18/2019 14:14,17
35,9/18/2019 14:15,220.048,212.4168462,219.958,220.137,4.105,9/18/2019 14:15,17
36,9/18/2019 14:16,220.127,212.5968462,219.948,220.228,3.2125,9/18/2019 14:16,18
37,9/18/2019 14:17,220.227,214.3368462,220.217,220.348,3.4725,9/18/2019 14:17,18
38,9/18/2019 14:18,220.358,214.2168462,220.277,220.398,3.005,9/18/2019 14:18,19
39,9/18/2019 14:19,220.398,213.3168462,219.988,220.048,2.7625,9/18/2019 14:19,19
40,9/18/2019 14:20,220.048,211.2168462,219.458,219.458,3.195,9/18/2019 14:20,20
41,9/18/2019 14:21,219.457,210.0768462,219.428,219.848,3.0075,9/18/2019 14:21,20
42,9/18/2019 14:22,219.847,211.6368462,219.837,220.048,2.8125,9/18/2019 14:22,21
43,9/18/2019 14:23,220.047,211.2108462,219.727,219.828,2.375,9/18/2019 14:23,21
44,9/18/2019 14:24,219.828,210.9168462,219.817,219.907,1.97,9/18/2019 14:24,22
45,9/18/2019 14:25,219.897,211.3368462,219.807,219.937,2.945,9/18/2019 14:25,22
46,9/18/2019 14:26,219.937,211.3968462,219.857,219.868,2.235,9/18/2019 14:26,23
47,9/18/2019 14:27,219.868,211.3368462,219.858,219.977,2.3775,9/18/2019 14:27,23
48,9/18/2019 14:28,219.977,211.2768462,219.938,219.978,2.45,9/18/2019 14:28,24
49,9/18/2019 14:29,219.938,210.6168462,219.798,219.877,2.8375,9/18/2019 14:29,24
50,9/18/2019 14:30,219.877,210.4368462,219.668,219.847,3.045,9/18/2019 14:30,25
51,9/18/2019 14:31,219.838,212.7768462,219.688,220.238,3.6675,9/18/2019 14:31,25
52,9/18/2019 14:32,220.238,212.3568462,219.918,219.978,2.62,9/18/2019 14:32,26
53,9/18/2019 14:33,219.988,212.3568462,219.937,220.238,3.3375,9/18/2019 14:33,26
54,9/18/2019 14:34,220.248,213.6708462,220.077,220.447,3.4675,9/18/2019 14:34,27
55,9/18/2019 14:35,220.388,213.6168462,220.057,220.128,3.2575,9/18/2019 14:35,27
56,9/18/2019 14:36,220.128,212.0568462,219.848,220.128,2.7325,9/18/2019 14:36,28
57,9/18/2019 14:37,220.138,212.1768462,219.968,220.098,2.1675,9/18/2019 14:37,28
58,9/18/2019 14:38,220.098,212.0568462,220.027,220.047,2.4275,9/18/2019 14:38,29
59,9/18/2019 14:39,220.047,212.1768462,219.878,220.148,2.7175,9/18/2019 14:39,29
60,9/18/2019 14:40,220.147,213.7368462,220.048,220.337,3.1675,9/18/2019 14:40,30
61,9/18/2019 14:41,220.358,214.2108462,220.288,220.478,2.5025,9/18/2019 14:41,30
62,9/18/2019 14:42,220.478,215.5908462,220.378,220.777,3.3725,9/18/2019 14:42,31
63,9/18/2019 14:43,220.788,215.7768462,220.407,220.608,3.4625,9/18/2019 14:43,31
64,9/18/2019 14:44,220.607,214.9308462,220.487,220.587,1.8175,9/18/2019 14:44,32
65,9/18/2019 14:45,220.597,214.5108462,220.207,220.308,2.84,9/18/2019 14:45,32
66,9/18/2019 14:46,220.307,213.1368462,219.918,220.077,3.2125,9/18/2019 14:46,33
67,9/18/2019 14:47,220.058,211.2768462,219.617,219.738,2.665,9/18/2019 14:47,33
68,9/18/2019 14:48,219.688,210.3108462,219.688,219.807,2.265,9/18/2019 14:48,34
69,9/18/2019 14:49,219.817,211.6968462,219.777,220.038,3.3925,9/18/2019 14:49,34
70,9/18/2019 14:50,220.018,212.4168462,220.017,220.188,3.135,9/18/2019 14:50,35
71,9/18/2019 14:51,220.197,214.0308462,220.188,220.457,3.1425,9/18/2019 14:51,35
72,9/18/2019 14:52,220.457,214.8768462,220.408,220.588,2.7325,9/18/2019 14:52,36
73,9/18/2019 14:53,220.607,215.8908462,220.587,220.748,4,9/18/2019 14:53,36
74,9/18/2019 14:54,220.768,216.0768462,220.748,220.807,2.4825,9/18/2019 14:54,37
75,9/18/2019 14:55,220.808,216.0768462,220.547,220.638,2.8825,9/18/2019 14:55,37
76,9/18/2019 14:56,220.647,214.8168462,220.468,220.628,2.0325,9/18/2019 14:56,38
77,9/18/2019 14:57,220.628,214.9368462,220.557,220.648,1.68,9/18/2019 14:57,38
78,9/18/2019 14:58,220.647,215.8908462,220.618,220.708,2.32,9/18/2019 14:58,39
79,9/18/2019 14:59,220.707,215.8968462,220.647,220.798,2.075,9/18/2019 14:59,39
80,9/18/2019 15:00,220.797,217.2768462,220.717,221.017,2.6775,9/18/2019 15:00,40
81,9/18/2019 15:01,221.018,217.0368462,220.877,220.878,2.3625,9/18/2019 15:01,40
82,9/18/2019 15:02,220.877,216.6108462,220.668,220.857,2.5575,9/18/2019 15:02,41
83,9/18/2019 15:03,220.848,216.0708462,220.718,220.818,2.57,9/18/2019 15:03,41
84,9/18/2019 15:04,220.828,216.7908462,220.797,220.838,3.155,9/18/2019 15:04,42
85,9/18/2019 15:05,220.837,216.7968462,220.807,220.938,3.1175,9/18/2019 15:05,42
86,9/18/2019 15:06,220.938,217.0368462,220.927,221.018,2.01,9/18/2019 15:06,43
87,9/18/2019 15:07,221.028,218.5368462,221.017,221.268,2.43,9/18/2019 15:07,43
88,9/18/2019 15:08,221.258,220.7568462,221.258,221.568,2.57,9/18/2019 15:08,44
89,9/18/2019 15:09,221.568,220.3368462,221.417,221.418,1.94,9/18/2019 15:09,44
90,9/18/2019 15:10,221.428,220.6968462,221.428,221.568,2.345,9/18/2019 15:10,45
91,9/18/2019 15:11,221.598,220.9968462,221.518,221.628,2.54,9/18/2019 15:11,45
92,9/18/2019 15:12,221.648,221.7768462,221.618,221.628,2.1425,9/18/2019 15:12,46
93,9/18/2019 15:13,221.617,220.8768462,221.557,221.588,2.005,9/18/2019 15:13,46
94,9/18/2019 15:14,221.587,220.6308462,221.467,221.588,1.7275,9/18/2019 15:14,47
95,9/18/2019 15:15,221.598,220.7568462,221.518,221.528,1.42,9/18/2019 15:15,47
96,9/18/2019 15:16,221.528,220.5708462,221.467,221.568,1.815,9/18/2019 15:16,48
97,9/18/2019 15:17,221.567,221.1768462,221.538,221.708,2.005,9/18/2019 15:17,48
98,9/18/2019 15:18,221.708,221.3568462,221.657,221.698,1.6975,9/18/2019 15:18,49
99,9/18/2019 15:19,221.697,223.3368462,221.687,222.028,2.3825,9/18/2019 15:19,49
100,9/18/2019 15:20,222.028,223.6368462,221.997,222.117,2.18,9/18/2019 15:20,50
101,9/18/2019 15:21,222.108,223.8708462,221.908,221.908,1.9725,9/18/2019 15:21,50
102,9/18/2019 15:22,221.918,222.6168462,221.827,221.878,1.565,9/18/2019 15:22,51
103,9/18/2019 15:23,221.888,222.2568462,221.748,221.777,1.97,9/18/2019 15:23,51
104,9/18/2019 15:24,221.788,222.6768462,221.738,221.918,1.1375,9/18/2019 15:24,52
105,9/18/2019 15:25,221.928,222.9768462,221.897,221.998,2.11,9/18/2019 15:25,52
106,9/18/2019 15:26,222.008,223.9908462,221.997,222.117,2.3525,9/18/2019 15:26,53
107,9/18/2019 15:27,222.127,223.7568462,222.007,222.108,1.95,9/18/2019 15:27,53
108,9/18/2019 15:28,222.128,223.8768462,222.057,222.068,1.595,9/18/2019 15:28,54
109,9/18/2019 15:29,222.088,223.5768462,221.967,221.987,1.865,9/18/2019 15:29,54
110,9/18/2019 15:30,221.998,223.9968462,221.978,222.008,2.2875,9/18/2019 15:30,55
111,9/18/2019 15:31,222.028,223.5768462,221.948,222.018,1.6875,9/18/2019 15:31,55
112,9/18/2019 15:32,222.018,224.7168462,222.018,222.197,2.69,9/18/2019 15:32,56
113,9/18/2019 15:33,222.217,225.7968462,222.198,222.458,2.8075,9/18/2019 15:33,56
114,9/18/2019 15:34,222.438,226.6968462,222.417,222.597,2.9275,9/18/2019 15:34,57
115,9/18/2019 15:35,222.598,227.6568462,222.467,222.618,3.1525,9/18/2019 15:35,57
116,9/18/2019 15:36,222.627,227.1168462,222.118,222.148,3.145,9/18/2019 15:36,58
117,9/18/2019 15:37,222.188,224.2308462,222.068,222.108,2.3225,9/18/2019 15:37,58
118,9/18/2019 15:38,222.128,225.1308462,222.127,222.308,2.9375,9/18/2019 15:38,59
119,9/18/2019 15:39,222.318,225.4968462,222.297,222.297,1.5925,9/18/2019 15:39,59
120,9/18/2019 15:40,222.278,225.6768462,222.228,222.428,1.7275,9/18/2019 15:40,60
121,9/18/2019 15:41,222.438,226.8768462,222.407,222.477,3.3175,9/18/2019 15:41,60
122,9/18/2019 15:42,222.488,225.9168462,222.228,222.358,2.9325,9/18/2019 15:42,61
123,9/18/2019 15:43,222.388,225.4908462,222.187,222.398,2.1675,9/18/2019 15:43,61
124,9/18/2019 15:44,222.408,225.6768462,222.297,222.388,2.95,9/18/2019 15:44,62
125,9/18/2019 15:45,222.397,225.9168462,222.237,222.268,3.49,9/18/2019 15:45,62
126,9/18/2019 15:46,222.278,224.9568462,222.228,222.228,2.22,9/18/2019 15:46,63
127,9/18/2019 15:47,222.247,224.6568462,222.138,222.227,1.8625,9/18/2019 15:47,63
128,9/18/2019 15:48,222.228,224.6568462,222.098,222.258,2.405,9/18/2019 15:48,64
129,9/18/2019 15:49,222.267,225.4968462,222.257,222.397,2.435,9/18/2019 15:49,64
130,9/18/2019 15:50,222.408,225.6708462,222.248,222.298,2.6425,9/18/2019 15:50,65
131,9/18/2019 15:51,222.297,224.8908462,222.208,222.308,2.7425,9/18/2019 15:51,65
132,9/18/2019 15:52,222.308,224.7768462,222.207,222.288,2.1,9/18/2019 15:52,66
133,9/18/2019 15:53,222.298,224.9568462,222.257,222.298,2.4125,9/18/2019 15:53,66
134,9/18/2019 15:54,222.297,225.0168462,222.267,222.348,2.135,9/18/2019 15:54,67
135,9/18/2019 15:55,222.358,225.6708462,222.307,222.358,2.705,9/18/2019 15:55,67
136,9/18/2019 15:56,222.347,226.1568462,222.328,222.498,2.2725,9/18/2019 15:56,68
137,9/18/2019 15:57,222.508,227.2368462,222.487,222.718,2.4325,9/18/2019 15:57,68
138,9/18/2019 15:58,222.717,227.2968462,222.547,222.587,2.5875,9/18/2019 15:58,69
139,9/18/2019 15:59,222.587,227.8968462,222.587,222.708,3.8375,9/18/2019 15:59,69
140,9/19/2019 9:30,222.128,225.6168462,222.028,222.377,0.87,9/19/2019 9:30,70
141,9/19/2019 9:31,222.328,226.7568462,222.328,222.458,1.7625,9/19/2019 9:31,70
142,9/19/2019 9:32,222.467,228.9768462,222.467,222.618,3.2925,9/19/2019 9:32,71
143,9/19/2019 9:33,222.637,227.6568462,222.237,222.377,2.64,9/19/2019 9:33,71
144,9/19/2019 9:34,222.398,225.5568462,222.157,222.268,2.26,9/19/2019 9:34,72
145,9/19/2019 9:35,222.267,225.3168462,222.088,222.398,2.51,9/19/2019 9:35,72
146,9/19/2019 9:36,222.398,228.8568462,222.398,222.788,3.795,9/19/2019 9:36,73
147,9/19/2019 9:37,222.797,228.0768462,222.697,222.838,2.4875,9/19/2019 9:37,73
148,9/19/2019 9:38,222.848,228.4308462,222.727,222.838,3.7275,9/19/2019 9:38,74
149,9/19/2019 9:39,222.858,228.4968462,222.698,222.698,3.07,9/19/2019 9:39,74
150,9/19/2019 9:40,222.718,227.2968462,222.448,222.487,3.3675,9/19/2019 9:40,75
151,9/19/2019 9:41,222.477,226.0968462,222.307,222.348,2.6775,9/19/2019 9:41,75
152,9/19/2019 9:42,222.367,225.4968462,222.308,222.348,1.8125,9/19/2019 9:42,76
153,9/19/2019 9:43,222.348,226.5168462,222.308,222.598,2.7125,9/19/2019 9:43,76
154,9/19/2019 9:44,222.598,228.4968462,222.598,222.828,2.8025,9/19/2019 9:44,77
155,9/19/2019 9:45,222.808,228.0168462,222.598,222.628,2.5275,9/19/2019 9:45,77
156,9/19/2019 9:46,222.638,226.8768462,222.438,222.528,2.03,9/19/2019 9:46,78
157,9/19/2019 9:47,222.507,226.3968462,222.368,222.408,1.8275,9/19/2019 9:47,78
158,9/19/2019 9:48,222.397,226.8768462,222.378,222.637,2.565,9/19/2019 9:48,79
159,9/19/2019 9:49,222.667,227.5368462,222.618,222.768,1.855,9/19/2019 9:49,79
160,9/19/2019 9:50,222.798,228.3168462,222.588,222.758,2.7925,9/19/2019 9:50,80
161,9/19/2019 9:51,222.738,227.5968462,222.667,222.678,1.7675,9/19/2019 9:51,80
162,9/19/2019 9:52,222.687,227.1768462,222.497,222.518,2.3575,9/19/2019 9:52,81
163,9/19/2019 9:53,222.528,226.2168462,222.457,222.527,2.09,9/19/2019 9:53,81
164,9/19/2019 9:54,222.527,227.2368462,222.498,222.647,2.3825,9/19/2019 9:54,82
165,9/19/2019 9:55,222.658,227.7168462,222.647,222.707,1.5525,9/19/2019 9:55,82
166,9/19/2019 9:56,222.718,228.4368462,222.708,222.868,2.335,9/19/2019 9:56,83
167,9/19/2019 9:57,222.867,228.3168462,222.798,222.878,1.7325,9/19/2019 9:57,83
168,9/19/2019 9:58,222.887,229.1568462,222.887,223.018,1.88,9/19/2019 9:58,84
169,9/19/2019 9:59,223.038,230.2368462,222.878,222.917,2.9025,9/19/2019 9:59,84
170,9/19/2019 10:00,222.898,228.7968462,222.818,222.937,3.165,9/19/2019 10:00,85
171,9/19/2019 10:01,222.938,229.3368462,222.778,222.818,2.4775,9/19/2019 10:01,85
172,9/19/2019 10:02,222.828,228.6168462,222.707,222.928,2.735,9/19/2019 10:02,86
173,9/19/2019 10:03,222.948,228.6168462,222.567,222.638,3.18,9/19/2019 10:03,86
174,9/19/2019 10:04,222.637,227.5968462,222.637,222.758,2.115,9/19/2019 10:04,87
175,9/19/2019 10:05,222.758,228.4308462,222.758,222.917,2.6775,9/19/2019 10:05,87
176,9/19/2019 10:06,222.928,228.7308462,222.897,222.927,2.2925,9/19/2019 10:06,88
177,9/19/2019 10:07,222.938,228.7368462,222.807,222.968,2.2275,9/19/2019 10:07,88
178,9/19/2019 10:08,222.967,229.0968462,222.867,222.898,1.9675,9/19/2019 10:08,89
179,9/19/2019 10:09,222.907,228.8568462,222.868,222.938,2.155,9/19/2019 10:09,89
180,9/19/2019 10:10,222.928,229.0368462,222.837,222.837,2.3775,9/19/2019 10:10,90
181,9/19/2019 10:11,222.847,228.4968462,222.838,222.918,2.5625,9/19/2019 10:11,90
182,9/19/2019 10:12,222.908,228.6168462,222.847,222.848,1.995,9/19/2019 10:12,91
183,9/19/2019 10:13,222.867,228.4968462,222.847,222.858,1.7925,9/19/2019 10:13,91
184,9/19/2019 10:14,222.868,228.5568462,222.827,222.928,2.17,9/19/2019 10:14,92
185,9/19/2019 10:15,222.918,229.3368462,222.898,223.028,2.2,9/19/2019 10:15,92
186,9/19/2019 10:16,223.038,229.3968462,222.877,222.977,2.735,9/19/2019 10:16,93
187,9/19/2019 10:17,222.977,229.4508462,222.857,222.918,2.2125,9/19/2019 10:17,93
188,9/19/2019 10:18,222.928,229.6368462,222.878,222.977,2.3375,9/19/2019 10:18,94
189,9/19/2019 10:19,222.958,228.7968462,222.778,222.847,2.685,9/19/2019 10:19,94
190,9/19/2019 10:20,222.848,228.8568462,222.848,222.968,2.17,9/19/2019 10:20,95
191,9/19/2019 10:21,222.968,228.9108462,222.897,222.987,1.9725,9/19/2019 10:21,95
192,9/19/2019 10:22,222.988,229.5108462,222.968,222.988,1.4325,9/19/2019 10:22,96
193,9/19/2019 10:23,222.987,229.2708462,222.977,223.057,1.03,9/19/2019 10:23,96
194,9/19/2019 10:24,223.058,229.7568462,223.018,223.038,1.8,9/19/2019 10:24,97
195,9/19/2019 10:25,223.048,229.5168462,222.988,223.047,1.3625,9/19/2019 10:25,97
196,9/19/2019 10:26,223.048,229.4568462,222.958,223.028,2.02,9/19/2019 10:26,98
197,9/19/2019 10:27,223.048,229.8108462,223.037,223.058,1.6075,9/19/2019 10:27,98
198,9/19/2019 10:28,223.058,229.3368462,222.997,223.058,1.295,9/19/2019 10:28,99
199,9/19/2019 10:29,223.058,229.3968462,222.968,222.978,1.39,9/19/2019 10:29,99
200,9/19/2019 10:30,222.977,229.6968462,222.977,223.118,1.27,9/19/2019 10:30,100
201,9/19/2019 10:31,223.128,229.7568462,223.057,223.098,1.355,9/19/2019 10:31,100
202,9/19/2019 10:32,223.107,230.5968462,223.107,223.188,1.965,9/19/2019 10:32,101
203,9/19/2019 10:33,223.177,229.9908462,223.027,223.048,1.5025,9/19/2019 10:33,101
204,9/19/2019 10:34,223.057,229.9968462,223.057,223.168,1.785,9/19/2019 10:34,102
205,9/19/2019 10:35,223.167,229.9908462,223.077,223.077,1.47,9/19/2019 10:35,102
206,9/19/2019 10:36,223.087,230.8968462,223.087,223.308,1.96,9/19/2019 10:36,103
207,9/19/2019 10:37,223.318,230.8968462,223.198,223.288,1.56,9/19/2019 10:37,103
208,9/19/2019 10:38,223.288,231.0168462,223.218,223.277,1.8975,9/19/2019 10:38,104
209,9/19/2019 10:39,223.287,230.8368462,223.257,223.298,1.35,9/19/2019 10:39,104
210,9/19/2019 10:40,223.307,231.5568462,223.307,223.418,1.6775,9/19/2019 10:40,105
211,9/19/2019 10:41,223.408,231.4968462,223.328,223.358,1.5425,9/19/2019 10:41,105
212,9/19/2019 10:42,223.348,231.3768462,223.238,223.408,1.665,9/19/2019 10:42,106
213,9/19/2019 10:43,223.408,231.4368462,223.387,223.408,0.9825,9/19/2019 10:43,106
214,9/19/2019 10:44,223.407,231.4368462,223.328,223.408,1.445,9/19/2019 10:44,107
215,9/19/2019 10:45,223.408,231.3768462,223.308,223.388,1.3925,9/19/2019 10:45,107
216,9/19/2019 10:46,223.378,231.4368462,223.318,223.408,1.305,9/19/2019 10:46,108
217,9/19/2019 10:47,223.407,232.9368462,223.407,223.657,1.835,9/19/2019 10:47,108
218,9/19/2019 10:48,223.658,232.8768462,223.587,223.598,1.53,9/19/2019 10:48,109
219,9/19/2019 10:49,223.557,232.6308462,223.548,223.558,1.455,9/19/2019 10:49,109
220,9/19/2019 10:50,223.557,232.5168462,223.518,223.537,1.1525,9/19/2019 10:50,110
221,9/19/2019 10:51,223.538,232.8768462,223.528,223.638,1.1625,9/19/2019 10:51,110
222,9/19/2019 10:52,223.648,232.8168462,223.597,223.618,0.93,9/19/2019 10:52,111
223,9/19/2019 10:53,223.628,232.8768462,223.597,223.648,0.6675,9/19/2019 10:53,111
224,9/19/2019 10:54,223.648,232.9368462,223.568,223.667,1.1825,9/19/2019 10:54,112
225,9/19/2019 10:55,223.668,232.9368462,223.637,223.648,0.5825,9/19/2019 10:55,112
226,9/19/2019 10:56,223.637,233.4768462,223.588,223.628,1.1625,9/19/2019 10:56,113
227,9/19/2019 10:57,223.618,232.6968462,223.447,223.448,1.73,9/19/2019 10:57,113
228,9/19/2019 10:58,223.448,231.6168462,223.278,223.307,1.72,9/19/2019 10:58,114
229,9/19/2019 10:59,223.297,230.9568462,223.197,223.247,1.7475,9/19/2019 10:59,114
230,9/19/2019 11:00,223.247,230.8308462,223.217,223.267,1.605,9/19/2019 11:00,115
231,9/19/2019 11:01,223.267,231.2568462,223.237,223.288,1.4675,9/19/2019 11:01,115
232,9/19/2019 11:02,223.288,230.8368462,223.247,223.258,0.785,9/19/2019 11:02,116
233,9/19/2019 11:03,223.257,230.5968462,223.138,223.148,1.9,9/19/2019 11:03,116
234,9/19/2019 11:04,223.158,230.1168462,223.068,223.068,0.99,9/19/2019 11:04,117
235,9/19/2019 11:05,223.077,229.8768462,223.017,223.038,1.0775,9/19/2019 11:05,117
236,9/19/2019 11:06,223.047,229.4568462,222.947,222.968,1.9525,9/19/2019 11:06,118
237,9/19/2019 11:07,222.967,229.1568462,222.917,222.947,1.3025,9/19/2019 11:07,118
238,9/19/2019 11:08,222.947,228.6108462,222.857,222.887,1.22,9/19/2019 11:08,119
239,9/19/2019 11:09,222.888,228.4368462,222.877,222.908,0.915,9/19/2019 11:09,119
240,9/19/2019 11:10,222.907,229.0368462,222.897,222.997,1.15,9/19/2019 11:10,120
241,9/19/2019 11:11,222.998,228.9168462,222.937,222.978,0.9575,9/19/2019 11:11,120
242,9/19/2019 11:12,222.978,228.8568462,222.837,222.858,1.4225,9/19/2019 11:12,121
243,9/19/2019 11:13,222.858,228.0768462,222.627,222.647,1.34,9/19/2019 11:13,121
244,9/19/2019 11:14,222.628,227.1168462,222.628,222.658,1.56,9/19/2019 11:14,122
245,9/19/2019 11:15,222.658,226.9968462,222.478,222.538,1.9,9/19/2019 11:15,122
246,9/19/2019 11:16,222.538,226.7568462,222.457,222.588,1.7775,9/19/2019 11:16,123
247,9/19/2019 11:17,222.587,226.9968462,222.528,222.658,1.9875,9/19/2019 11:17,123
248,9/19/2019 11:18,222.657,227.0568462,222.537,222.568,1.86,9/19/2019 11:18,124
249,9/19/2019 11:19,222.567,227.7168462,222.567,222.767,1.875,9/19/2019 11:19,124
250,9/19/2019 11:20,222.777,227.9568462,222.767,222.798,1.5225,9/19/2019 11:20,125
251,9/19/2019 11:21,222.798,227.7168462,222.688,222.698,1.485,9/19/2019 11:21,125
252,9/19/2019 11:22,222.717,227.2968462,222.578,222.588,1.31,9/19/2019 11:22,126
253,9/19/2019 11:23,222.597,227.1168462,222.508,222.527,1.555,9/19/2019 11:23,126
254,9/19/2019 11:24,222.547,226.6308462,222.528,222.547,1.215,9/19/2019 11:24,127
255,9/19/2019 11:25,222.538,226.6368462,222.527,222.577,1.035,9/19/2019 11:25,127
256,9/19/2019 11:26,222.578,226.9308462,222.478,222.588,1.61,9/19/2019 11:26,128
257,9/19/2019 11:27,222.618,226.6368462,222.567,222.597,1.0525,9/19/2019 11:27,128
258,9/19/2019 11:28,222.608,226.7568462,222.527,222.528,1.36,9/19/2019 11:28,129
259,9/19/2019 11:29,222.527,226.1568462,222.497,222.518,1.46,9/19/2019 11:29,129
260,9/19/2019 11:30,222.528,226.8168462,222.517,222.638,1.6,9/19/2019 11:30,130
261,9/19/2019 11:31,222.648,227.3568462,222.637,222.717,1.375,9/19/2019 11:31,130
262,9/19/2019 11:32,222.718,227.2968462,222.637,222.698,1.2425,9/19/2019 11:32,131
263,9/19/2019 11:33,222.697,227.1168462,222.627,222.658,1.1875,9/19/2019 11:33,131
264,9/19/2019 11:34,222.658,228.0168462,222.648,222.797,1.6425,9/19/2019 11:34,132
265,9/19/2019 11:35,222.798,227.9568462,222.797,222.827,1.3275,9/19/2019 11:35,132
266,9/19/2019 11:36,222.828,228.2568462,222.797,222.868,0.925,9/19/2019 11:36,133
267,9/19/2019 11:37,222.867,228.6168462,222.867,222.927,0.805,9/19/2019 11:37,133
268,9/19/2019 11:38,222.928,228.8568462,222.907,222.978,1.07,9/19/2019 11:38,134
269,9/19/2019 11:39,222.968,228.9768462,222.847,222.878,1.0475,9/19/2019 11:39,134
270,9/19/2019 11:40,222.868,228.4368462,222.817,222.817,1.135,9/19/2019 11:40,135
271,9/19/2019 11:41,222.818,228.0168462,222.747,222.777,1.7,9/19/2019 11:41,135
272,9/19/2019 11:42,222.778,227.6568462,222.597,222.598,1.2625,9/19/2019 11:42,136
273,9/19/2019 11:43,222.588,226.5168462,222.408,222.438,2.35,9/19/2019 11:43,136
274,9/19/2019 11:44,222.428,225.4968462,222.228,222.307,1.68,9/19/2019 11:44,137
275,9/19/2019 11:45,222.308,224.8368462,222.147,222.227,1.6575,9/19/2019 11:45,137
276,9/19/2019 11:46,222.218,224.6568462,222.218,222.228,1.41,9/19/2019 11:46,138
277,9/19/2019 11:47,222.238,224.3568462,222.047,222.067,1.9525,9/19/2019 11:47,138
278,9/19/2019 11:48,222.078,223.9368462,222.028,222.038,1.7725,9/19/2019 11:48,139
279,9/19/2019 11:49,222.028,223.8768462,222.027,222.117,1.9525,9/19/2019 11:49,139
280,9/19/2019 11:50,222.118,223.6368462,221.998,222.047,1.395,9/19/2019 11:50,140
281,9/19/2019 11:51,222.038,223.1568462,221.947,221.987,1.375,9/19/2019 11:51,140
282,9/19/2019 11:52,221.978,223.5168462,221.978,222.078,1.34,9/19/2019 11:52,141
283,9/19/2019 11:53,222.068,223.8168462,222.067,222.108,1.5725,9/19/2019 11:53,141
284,9/19/2019 11:54,222.108,223.8168462,222.097,222.098,1.3325,9/19/2019 11:54,142
285,9/19/2019 11:55,222.098,223.6368462,222.048,222.048,0.975,9/19/2019 11:55,142
286,9/19/2019 11:56,222.048,223.9968462,222.037,222.178,1.9375,9/19/2019 11:56,143
287,9/19/2019 11:57,222.177,224.3568462,222.158,222.218,1.7125,9/19/2019 11:57,143
288,9/19/2019 11:58,222.217,224.2968462,222.128,222.138,1.865,9/19/2019 11:58,144
289,9/19/2019 11:59,222.138,223.9968462,222.107,222.157,1.02,9/19/2019 11:59,144
290,9/19/2019 12:00,222.157,224.0568462,222.128,222.177,0.85,9/19/2019 12:00,145
291,9/19/2019 12:01,222.178,224.6568462,222.167,222.178,1.67,9/19/2019 12:01,145
292,9/19/2019 12:02,222.178,224.2968462,222.097,222.097,1.2075,9/19/2019 12:02,146
293,9/19/2019 12:03,222.097,223.9368462,222.077,222.098,1.4,9/19/2019 12:03,146
294,9/19/2019 12:04,222.097,223.5168462,222.057,222.088,1.0275,9/19/2019 12:04,147
295,9/19/2019 12:05,222.108,223.6368462,222.047,222.047,1.1925,9/19/2019 12:05,147
296,9/19/2019 12:06,222.048,223.2768462,221.987,222.038,1.2675,9/19/2019 12:06,148
297,9/19/2019 12:07,222.037,223.2168462,221.978,221.978,1.175,9/19/2019 12:07,148
298,9/19/2019 12:08,221.978,223.2168462,221.958,221.978,1.2825,9/19/2019 12:08,149
299,9/19/2019 12:09,221.987,223.0968462,221.977,221.998,1.4625,9/19/2019 12:09,149
300,9/19/2019 12:10,221.988,222.9168462,221.718,221.747,1.785,9/19/2019 12:10,150
301,9/19/2019 12:11,221.717,221.9568462,221.698,221.837,1.6725,9/19/2019 12:11,150
302,9/19/2019 12:12,221.838,222.3768462,221.838,221.877,1.15,9/19/2019 12:12,151
303,9/19/2019 12:13,221.877,222.3168462,221.807,221.898,1.0425,9/19/2019 12:13,151
304,9/19/2019 12:14,221.887,222.6168462,221.867,221.907,1.2075,9/19/2019 12:14,152
305,9/19/2019 12:15,221.918,222.5568462,221.858,221.868,0.93,9/19/2019 12:15,152
306,9/19/2019 12:16,221.848,222.4368462,221.817,221.817,1.26,9/19/2019 12:16,153
307,9/19/2019 12:17,221.818,222.0168462,221.747,221.788,1.415,9/19/2019 12:17,153
308,9/19/2019 12:18,221.787,221.7108462,221.707,221.717,1.225,9/19/2019 12:18,154
309,9/19/2019 12:19,221.718,221.2908462,221.588,221.618,1.57,9/19/2019 12:19,154
310,9/19/2019 12:20,221.628,221.0568462,221.578,221.658,1.49,9/19/2019 12:20,155
311,9/19/2019 12:21,221.657,221.4168462,221.628,221.708,0.9475,9/19/2019 12:21,155
312,9/19/2019 12:22,221.698,221.7768462,221.658,221.777,1.4775,9/19/2019 12:22,156
313,9/19/2019 12:23,221.778,221.6568462,221.737,221.758,1.15,9/19/2019 12:23,156
314,9/19/2019 12:24,221.758,221.5368462,221.687,221.708,1.3975,9/19/2019 12:24,157
315,9/19/2019 12:25,221.718,221.5968462,221.687,221.717,1.21,9/19/2019 12:25,157
316,9/19/2019 12:26,221.718,221.3568462,221.558,221.588,1.4775,9/19/2019 12:26,158
317,9/19/2019 12:27,221.598,220.6968462,221.338,221.348,2.8175,9/19/2019 12:27,158
318,9/19/2019 12:28,221.348,219.6768462,221.188,221.197,1.9025,9/19/2019 12:28,159
319,9/19/2019 12:29,221.198,218.1768462,220.948,220.987,3.195,9/19/2019 12:29,159
320,9/19/2019 12:30,220.957,217.2768462,220.757,221.038,2.605,9/19/2019 12:30,160
321,9/19/2019 12:31,221.047,217.5168462,220.957,221.097,1.4975,9/19/2019 12:31,160
322,9/19/2019 12:32,221.077,217.5768462,221.028,221.047,1.5475,9/19/2019 12:32,161
323,9/19/2019 12:33,221.057,217.8768462,221.037,221.147,1.3225,9/19/2019 12:33,161
324,9/19/2019 12:34,221.158,217.8768462,221.038,221.047,0.985,9/19/2019 12:34,162
325,9/19/2019 12:35,221.037,217.2768462,220.968,221.017,1.3975,9/19/2019 12:35,162
326,9/19/2019 12:36,221.018,217.0368462,220.927,220.978,1.445,9/19/2019 12:36,163
327,9/19/2019 12:37,220.977,217.9968462,220.928,221.178,1.67,9/19/2019 12:37,163
328,9/19/2019 12:38,221.168,218.5968462,221.168,221.228,1.745,9/19/2019 12:38,164
329,9/19/2019 12:39,221.217,218.8968462,221.157,221.277,1.4625,9/19/2019 12:39,164
330,9/19/2019 12:40,221.278,219.6515202,221.277,221.327,1.3075,9/19/2019 12:40,165
331,9/19/2019 12:41,221.327,219.2915202,221.288,221.328,1.045,9/19/2019 12:41,165
332,9/19/2019 12:42,221.327,219.6515202,221.318,221.327,0.8125,9/19/2019 12:42,166
333,9/19/2019 12:43,221.338,219.8915202,221.297,221.307,0.965,9/19/2019 12:43,166
334,9/19/2019 12:44,221.317,219.4115202,221.267,221.267,0.8375,9/19/2019 12:44,167
335,9/19/2019 12:45,221.258,218.5715202,221.228,221.258,0.7475,9/19/2019 12:45,167
336,9/19/2019 12:46,221.257,218.6795202,221.178,221.207,1.0325,9/19/2019 12:46,168
337,9/19/2019 12:47,221.208,219.7715202,221.197,221.377,1.275,9/19/2019 12:47,168
338,9/19/2019 12:48,221.378,220.3715202,221.368,221.418,0.96,9/19/2019 12:48,169
339,9/19/2019 12:49,221.417,220.4915202,221.367,221.377,1.125,9/19/2019 12:49,169
340,9/19/2019 12:50,221.358,219.6515202,221.287,221.298,0.8725,9/19/2019 12:50,170
341,9/19/2019 12:51,221.308,219.0515202,221.237,221.278,1.195,9/19/2019 12:51,170
342,9/19/2019 12:52,221.288,219.2915202,221.227,221.238,0.925,9/19/2019 12:52,171
343,9/19/2019 12:53,221.238,218.0915202,221.158,221.178,0.925,9/19/2019 12:53,171
344,9/19/2019 12:54,221.178,218.9315202,221.167,221.268,1.355,9/19/2019 12:54,172
345,9/19/2019 12:55,221.267,219.4115202,221.218,221.308,1.5775,9/19/2019 12:55,172
346,9/19/2019 12:56,221.318,220.4915202,221.308,221.348,1.31,9/19/2019 12:56,173
347,9/19/2019 12:57,221.357,220.1315202,221.328,221.378,0.775,9/19/2019 12:57,173
348,9/19/2019 12:58,221.388,220.2515202,221.357,221.397,0.84,9/19/2019 12:58,174
349,9/19/2019 12:59,221.398,220.3715202,221.357,221.358,0.8125,9/19/2019 12:59,174
350,9/19/2019 13:00,221.368,221.3315202,221.338,221.477,0.995,9/19/2019 13:00,175
351,9/19/2019 13:01,221.488,221.3195202,221.327,221.358,1.62,9/19/2019 13:01,175
352,9/19/2019 13:02,221.368,221.0915202,221.358,221.477,1.125,9/19/2019 13:02,176
353,9/19/2019 13:03,221.477,221.4515202,221.437,221.498,0.8325,9/19/2019 13:03,176
354,9/19/2019 13:04,221.507,222.6515202,221.477,221.598,1.85,9/19/2019 13:04,177
355,9/19/2019 13:05,221.597,223.4795202,221.568,221.617,1.7725,9/19/2019 13:05,177
356,9/19/2019 13:06,221.618,222.6515202,221.398,221.417,1.235,9/19/2019 13:06,178
357,9/19/2019 13:07,221.427,220.3715202,221.297,221.308,1.4625,9/19/2019 13:07,178
358,9/19/2019 13:08,221.308,219.5315202,221.278,221.298,1.4275,9/19/2019 13:08,179
359,9/19/2019 13:09,221.297,219.0515202,221.177,221.178,1.255,9/19/2019 13:09,179
360,9/19/2019 13:10,221.178,217.6115202,221.118,221.138,1.87,9/19/2019 13:10,180
361,9/19/2019 13:11,221.147,217.8395202,221.108,221.178,1.105,9/19/2019 13:11,180
362,9/19/2019 13:12,221.158,217.4915202,221.107,221.118,1.4325,9/19/2019 13:12,181
363,9/19/2019 13:13,221.117,217.0115202,221.077,221.148,1.315,9/19/2019 13:13,181
364,9/19/2019 13:14,221.148,217.6115202,221.087,221.147,1.49,9/19/2019 13:14,182
365,9/19/2019 13:15,221.147,219.0515202,221.147,221.238,1.3925,9/19/2019 13:15,182
366,9/19/2019 13:16,221.238,218.9315202,221.228,221.297,1.275,9/19/2019 13:16,183
367,9/19/2019 13:17,221.288,219.4115202,221.277,221.277,1.0275,9/19/2019 13:17,183
368,9/19/2019 13:18,221.277,218.6915202,221.228,221.278,1.32,9/19/2019 13:18,184
369,9/19/2019 13:19,221.288,219.6515202,221.267,221.348,1.3175,9/19/2019 13:19,184
370,9/19/2019 13:20,221.338,219.2915202,221.257,221.268,1.255,9/19/2019 13:20,185
371,9/19/2019 13:21,221.288,218.9315202,221.207,221.277,1.07,9/19/2019 13:21,185
372,9/19/2019 13:22,221.278,219.4115202,221.267,221.327,1.2825,9/19/2019 13:22,186
373,9/19/2019 13:23,221.328,220.1315202,221.308,221.378,1.28,9/19/2019 13:23,186
374,9/19/2019 13:24,221.387,220.9715202,221.367,221.428,1.495,9/19/2019 13:24,187
375,9/19/2019 13:25,221.438,220.7315202,221.368,221.368,1.145,9/19/2019 13:25,187
376,9/19/2019 13:26,221.357,219.8915202,221.297,221.378,1.1475,9/19/2019 13:26,188
377,9/19/2019 13:27,221.387,220.8515202,221.387,221.408,1.0225,9/19/2019 13:27,188
378,9/19/2019 13:28,221.418,220.2515202,221.337,221.348,1.0625,9/19/2019 13:28,189
379,9/19/2019 13:29,221.348,219.5315202,221.178,221.188,2.04,9/19/2019 13:29,189
380,9/19/2019 13:30,221.187,218.4515202,220.368,220.418,4.8525,9/19/2019 13:30,190
381,9/19/2019 13:31,220.418,212.0915202,220.408,220.727,4.44,9/19/2019 13:31,190
382,9/19/2019 13:32,220.728,213.6515202,220.657,220.858,3.1075,9/19/2019 13:32,191
383,9/19/2019 13:33,220.897,214.8515202,220.777,220.907,2.5775,9/19/2019 13:33,191
384,9/19/2019 13:34,220.907,215.6915202,220.848,220.998,1.93,9/19/2019 13:34,192
385,9/19/2019 13:35,220.988,215.2115202,220.907,220.938,1.94,9/19/2019 13:35,192
386,9/19/2019 13:36,220.998,216.7715202,220.928,221.008,2.3175,9/19/2019 13:36,193
387,9/19/2019 13:37,221.007,216.1715202,220.928,221.048,1.7725,9/19/2019 13:37,193
388,9/19/2019 13:38,221.057,216.2915202,220.927,220.938,1.835,9/19/2019 13:38,194
389,9/19/2019 13:39,220.938,215.9315202,220.857,220.998,2.39,9/19/2019 13:39,194
390,9/19/2019 13:40,221.007,216.1715202,220.837,220.838,2.42,9/19/2019 13:40,195
391,9/19/2019 13:41,220.848,213.6515202,220.767,220.838,1.6725,9/19/2019 13:41,195
392,9/19/2019 13:42,220.838,214.3715202,220.667,220.667,2.1275,9/19/2019 13:42,196
393,9/19/2019 13:43,220.668,213.2915202,220.607,220.827,2.5425,9/19/2019 13:43,196
394,9/19/2019 13:44,220.827,214.0115202,220.787,220.868,1.8375,9/19/2019 13:44,197
395,9/19/2019 13:45,220.867,215.5715202,220.798,220.968,2.24,9/19/2019 13:45,197
396,9/19/2019 13:46,220.967,215.2115202,220.917,220.938,1.26,9/19/2019 13:46,198
397,9/19/2019 13:47,220.948,214.6115202,220.868,220.888,1.12,9/19/2019 13:47,198
398,9/19/2019 13:48,220.887,214.6115202,220.847,220.898,1.2825,9/19/2019 13:48,199
399,9/19/2019 13:49,220.908,215.9315202,220.887,221.038,1.1,9/19/2019 13:49,199
400,9/19/2019 13:50,221.048,216.2915202,221.007,221.077,1.5025,9/19/2019 13:50,200
401,9/19/2019 13:51,221.068,217.7315202,221.057,221.198,1.555,9/19/2019 13:51,200
402,9/19/2019 13:52,221.208,217.7315202,221.137,221.158,1.2025,9/19/2019 13:52,201
403,9/19/2019 13:53,221.157,218.5715202,221.067,221.258,2.1025,9/19/2019 13:53,201
404,9/19/2019 13:54,221.258,220.2395202,221.237,221.358,1.7675,9/19/2019 13:54,202
405,9/19/2019 13:55,221.358,219.5315202,221.297,221.318,0.92,9/19/2019 13:55,202
406,9/19/2019 13:56,221.317,219.2915202,221.287,221.298,1.285,9/19/2019 13:56,203
407,9/19/2019 13:57,221.318,220.3715202,221.318,221.397,1.025,9/19/2019 13:57,203
408,9/19/2019 13:58,221.407,222.4115202,221.378,221.537,1.67,9/19/2019 13:58,204
409,9/19/2019 13:59,221.528,222.2915202,221.508,221.578,1.195,9/19/2019 13:59,204
410,9/19/2019 14:00,221.577,222.1595202,221.478,221.538,1.195,9/19/2019 14:00,205
411,9/19/2019 14:01,221.538,223.4915202,221.517,221.678,1.1825,9/19/2019 14:01,205
412,9/19/2019 14:02,221.677,223.3715202,221.568,221.598,1.16,9/19/2019 14:02,206
413,9/19/2019 14:03,221.598,223.6115202,221.588,221.658,1.225,9/19/2019 14:03,206
414,9/19/2019 14:04,221.667,223.3715202,221.557,221.638,1.3725,9/19/2019 14:04,207
415,9/19/2019 14:05,221.638,222.8915202,221.517,221.528,1.145,9/19/2019 14:05,207
416,9/19/2019 14:06,221.527,222.1715202,221.517,221.538,1.17,9/19/2019 14:06,208
417,9/19/2019 14:07,221.548,222.9995202,221.507,221.628,0.995,9/19/2019 14:07,208
418,9/19/2019 14:08,221.628,223.3715202,221.627,221.677,0.7225,9/19/2019 14:08,209
419,9/19/2019 14:09,221.678,223.6115202,221.628,221.667,0.81,9/19/2019 14:09,209
420,9/19/2019 14:10,221.668,223.3715202,221.617,221.648,1.255,9/19/2019 14:10,210
421,9/19/2019 14:11,221.647,223.8515202,221.608,221.668,1.1875,9/19/2019 14:11,210
422,9/19/2019 14:12,221.668,223.3715202,221.578,221.587,0.9225,9/19/2019 14:12,211
423,9/19/2019 14:13,221.598,222.4115202,221.458,221.487,1.255,9/19/2019 14:13,211
424,9/19/2019 14:14,221.497,221.3315202,221.358,221.418,1.5275,9/19/2019 14:14,212
425,9/19/2019 14:15,221.408,220.8515202,221.387,221.408,1.1475,9/19/2019 14:15,212
426,9/19/2019 14:16,221.407,220.1315202,221.307,221.348,0.9525,9/19/2019 14:16,213
427,9/19/2019 14:17,221.348,220.1315202,221.348,221.377,0.73,9/19/2019 14:17,213
428,9/19/2019 14:18,221.388,221.0915202,221.378,221.448,1.0125,9/19/2019 14:18,214
429,9/19/2019 14:19,221.448,220.8515202,221.437,221.458,0.6875,9/19/2019 14:19,214
430,9/19/2019 14:20,221.448,221.6915202,221.448,221.528,1.0725,9/19/2019 14:20,215
431,9/19/2019 14:21,221.527,221.5715202,221.488,221.498,0.6925,9/19/2019 14:21,215
432,9/19/2019 14:22,221.487,221.0795202,221.277,221.298,1.66,9/19/2019 14:22,216
433,9/19/2019 14:23,221.297,219.5315202,221.178,221.198,1.345,9/19/2019 14:23,216
434,9/19/2019 14:24,221.218,219.0395202,221.187,221.317,1.75,9/19/2019 14:24,217
435,9/19/2019 14:25,221.318,219.5315202,221.287,221.298,1.255,9/19/2019 14:25,217
436,9/19/2019 14:26,221.308,219.5315202,221.237,221.348,1.2625,9/19/2019 14:26,218
437,9/19/2019 14:27,221.358,219.8915202,221.297,221.297,1.0425,9/19/2019 14:27,218
438,9/19/2019 14:28,221.298,219.0515202,221.228,221.318,1.105,9/19/2019 14:28,219
439,9/19/2019 14:29,221.317,219.2915202,221.287,221.338,0.685,9/19/2019 14:29,219
440,9/19/2019 14:30,221.328,219.1715202,221.248,221.277,1.1575,9/19/2019 14:30,220
441,9/19/2019 14:31,221.278,218.8115202,221.168,221.218,1.61,9/19/2019 14:31,220
442,9/19/2019 14:32,221.217,218.0795202,221.118,221.147,1.1575,9/19/2019 14:32,221
443,9/19/2019 14:33,221.148,217.2515202,221.057,221.087,1.405,9/19/2019 14:33,221
444,9/19/2019 14:34,221.098,218.5715202,221.098,221.228,1.7975,9/19/2019 14:34,222
445,9/19/2019 14:35,221.228,219.0515202,221.118,221.147,1.5975,9/19/2019 14:35,222
446,9/19/2019 14:36,221.148,217.1315202,221.017,221.077,1.8125,9/19/2019 14:36,223
447,9/19/2019 14:37,221.077,217.1315202,221.077,221.127,1.185,9/19/2019 14:37,223
448,9/19/2019 14:38,221.137,217.3715202,221.017,221.068,1.3375,9/19/2019 14:38,224
449,9/19/2019 14:39,221.067,216.2915202,220.948,220.977,1.335,9/19/2019 14:39,224
450,9/19/2019 14:40,220.987,215.5715202,220.887,221.028,1.435,9/19/2019 14:40,225
451,9/19/2019 14:41,221.027,215.8115202,220.928,221.048,1.4425,9/19/2019 14:41,225
452,9/19/2019 14:42,221.037,215.8115202,220.937,220.988,1.195,9/19/2019 14:42,226
453,9/19/2019 14:43,220.988,216.1715202,220.977,221.048,1.225,9/19/2019 14:43,226
454,9/19/2019 14:44,221.057,216.2795202,220.968,221.047,1.8125,9/19/2019 14:44,227
455,9/19/2019 14:45,221.047,215.8115202,220.858,220.908,1.95,9/19/2019 14:45,227
456,9/19/2019 14:46,220.918,215.1995202,220.887,220.938,1.805,9/19/2019 14:46,228
457,9/19/2019 14:47,220.938,214.7315202,220.787,220.818,1.305,9/19/2019 14:47,228
458,9/19/2019 14:48,220.797,213.4115202,220.757,220.768,1.45,9/19/2019 14:48,229
459,9/19/2019 14:49,220.777,213.2915202,220.738,220.837,1.46,9/19/2019 14:49,229
460,9/19/2019 14:50,220.848,214.3595202,220.827,220.897,1.43,9/19/2019 14:50,230
461,9/19/2019 14:51,220.898,215.3315202,220.877,220.957,0.99,9/19/2019 14:51,230
462,9/19/2019 14:52,220.958,215.2115202,220.937,220.958,0.8725,9/19/2019 14:52,231
463,9/19/2019 14:53,220.958,215.9315202,220.947,221.028,1.2775,9/19/2019 14:53,231
464,9/19/2019 14:54,221.038,216.1715202,220.967,220.998,1.28,9/19/2019 14:54,232
465,9/19/2019 14:55,220.997,216.0515202,220.957,221.067,1.2725,9/19/2019 14:55,232
466,9/19/2019 14:56,221.067,216.8915202,220.998,221.118,1.62,9/19/2019 14:56,233
467,9/19/2019 14:57,221.088,216.4115202,221.018,221.027,1.0375,9/19/2019 14:57,233
468,9/19/2019 14:58,221.038,215.9315202,221.007,221.028,1.0725,9/19/2019 14:58,234
469,9/19/2019 14:59,221.027,216.0515202,221.027,221.058,0.835,9/19/2019 14:59,234
470,9/19/2019 15:00,221.068,216.1715202,221.028,221.057,1.365,9/19/2019 15:00,235
471,9/19/2019 15:01,221.048,215.9315202,220.938,220.977,1.3175,9/19/2019 15:01,235
472,9/19/2019 15:02,220.977,216.5315202,220.947,221.098,1.6125,9/19/2019 15:02,236
473,9/19/2019 15:03,221.078,216.1715202,221.017,221.027,1.625,9/19/2019 15:03,236
474,9/19/2019 15:04,221.037,215.9315202,220.878,220.988,2.0175,9/19/2019 15:04,237
475,9/19/2019 15:05,220.978,215.3315202,220.888,221.008,1.75,9/19/2019 15:05,237
476,9/19/2019 15:06,221.018,216.1595202,220.957,221.008,2.03,9/19/2019 15:06,238
477,9/19/2019 15:07,221.008,216.7715202,220.988,221.118,1.865,9/19/2019 15:07,238
478,9/19/2019 15:08,221.128,217.2515202,221.097,221.138,1.85,9/19/2019 15:08,239
479,9/19/2019 15:09,221.138,217.8515202,221.137,221.268,1.29,9/19/2019 15:09,239
480,9/19/2019 15:10,221.258,221.4515202,221.257,221.428,1.6125,9/19/2019 15:10,240
481,9/19/2019 15:11,221.427,222.6515202,221.327,221.358,1.6425,9/19/2019 15:11,240
482,9/19/2019 15:12,221.358,219.7715202,221.158,221.208,2.1175,9/19/2019 15:12,241
483,9/19/2019 15:13,221.208,218.5715202,221.157,221.278,1.6075,9/19/2019 15:13,241
484,9/19/2019 15:14,221.287,219.0515202,221.257,221.288,1.225,9/19/2019 15:14,242
485,9/19/2019 15:15,221.278,219.5315202,221.208,221.317,1.575,9/19/2019 15:15,242
486,9/19/2019 15:16,221.328,220.2515202,221.307,221.358,1.0425,9/19/2019 15:16,243
487,9/19/2019 15:17,221.358,221.6915202,221.348,221.408,1.4575,9/19/2019 15:17,243
488,9/19/2019 15:18,221.398,221.2115202,221.287,221.308,1.28,9/19/2019 15:18,244
489,9/19/2019 15:19,221.318,220.0115202,221.307,221.357,1.0725,9/19/2019 15:19,244
490,9/19/2019 15:20,221.358,222.6515202,221.338,221.428,1.935,9/19/2019 15:20,245
491,9/19/2019 15:21,221.438,222.6515202,221.387,221.408,1.2725,9/19/2019 15:21,245
492,9/19/2019 15:22,221.408,221.4515202,221.347,221.407,1.745,9/19/2019 15:22,246
493,9/19/2019 15:23,221.408,221.2115202,221.327,221.378,1.2925,9/19/2019 15:23,246
494,9/19/2019 15:24,221.367,220.7315202,221.328,221.377,1.185,9/19/2019 15:24,247
495,9/19/2019 15:25,221.377,220.2275202,221.307,221.328,1.16,9/19/2019 15:25,247
496,9/19/2019 15:26,221.337,220.0115202,221.287,221.298,1.6925,9/19/2019 15:26,248
497,9/19/2019 15:27,221.298,220.0115202,221.237,221.347,1.3925,9/19/2019 15:27,248
498,9/19/2019 15:28,221.348,220.7315202,221.327,221.388,1.24,9/19/2019 15:28,249
499,9/19/2019 15:29,221.388,221.2115202,221.268,221.377,1.85,9/19/2019 15:29,249
500,9/19/2019 15:30,221.378,220.7315202,221.227,221.328,2.905,9/19/2019 15:30,250
501,9/19/2019 15:31,221.338,219.2915202,221.178,221.227,2.1775,9/19/2019 15:31,250
502,9/19/2019 15:32,221.228,216.6515202,220.828,220.957,2.91,9/19/2019 15:32,251
503,9/19/2019 15:33,220.968,211.8515202,220.877,220.938,2.71,9/19/2019 15:33,251
504,9/19/2019 15:34,220.938,211.5875202,220.888,220.928,2.6275,9/19/2019 15:34,252
505,9/19/2019 15:35,220.928,210.8915202,220.738,220.787,3.0625,9/19/2019 15:35,252
506,9/19/2019 15:36,220.797,209.6915202,220.797,220.887,1.5975,9/19/2019 15:36,253
507,9/19/2019 15:37,220.888,209.9315202,220.857,220.908,1.39,9/19/2019 15:37,253
508,9/19/2019 15:38,220.938,212.8115202,220.897,221.058,1.86,9/19/2019 15:38,254
509,9/19/2019 15:39,221.068,214.4915202,221.018,221.108,1.66,9/19/2019 15:39,254
510,9/19/2019 15:40,221.107,215.2115202,221.098,221.137,1.575,9/19/2019 15:40,255
511,9/19/2019 15:41,221.138,217.9368462,221.117,221.137,1.1225,9/19/2019 15:41,255
512,9/19/2019 15:42,221.127,217.7568462,221.047,221.068,0.9925,9/19/2019 15:42,256
513,9/19/2019 15:43,221.067,217.6368462,220.998,221.017,2.0675,9/19/2019 15:43,256
514,9/19/2019 15:44,221.037,217.6968462,220.988,221.127,1.64,9/19/2019 15:44,257
515,9/19/2019 15:45,221.128,217.8168462,220.957,221.088,2.4675,9/19/2019 15:45,257
516,9/19/2019 15:46,221.087,217.8768462,221.038,221.058,1.4125,9/19/2019 15:46,258
517,9/19/2019 15:47,221.057,217.5768462,221.017,221.098,1.555,9/19/2019 15:47,258
518,9/19/2019 15:48,221.097,218.0568462,221.087,221.108,1.725,9/19/2019 15:48,259
519,9/19/2019 15:49,221.107,217.6968462,220.987,221.098,3.165,9/19/2019 15:49,259
520,9/19/2019 15:50,221.098,217.6368462,220.948,221.008,2.4775,9/19/2019 15:50,260
521,9/19/2019 15:51,221.008,216.9768462,220.867,220.988,2.2525,9/19/2019 15:51,260
522,9/19/2019 15:52,220.977,217.0968462,220.938,221.008,2.235,9/19/2019 15:52,261
523,9/19/2019 15:53,221.007,217.1568462,220.938,221.028,1.8675,9/19/2019 15:53,261
524,9/19/2019 15:54,220.998,216.9168462,220.847,220.967,2.69,9/19/2019 15:54,262
525,9/19/2019 15:55,220.978,217.5168462,220.948,221.037,3.21,9/19/2019 15:55,262
526,9/19/2019 15:56,221.038,217.4568462,221.008,221.088,2.025,9/19/2019 15:56,263
527,9/19/2019 15:57,221.088,217.4568462,220.948,220.978,2.385,9/19/2019 15:57,263
528,9/19/2019 15:58,220.987,217.0368462,220.928,220.958,2.3075,9/19/2019 15:58,264
529,9/19/2019 15:59,220.957,217.3968462,220.738,220.858,4.96,9/19/2019 15:59,264
530,9/20/2019 9:30,221.448,224.7168462,221.448,221.958,1.5125,9/20/2019 9:30,265
531,9/20/2019 9:31,222.167,226.0968462,222.167,222.258,1.8925,9/20/2019 9:31,265
532,9/20/2019 9:32,222.277,225.3708462,222.008,222.017,1.1625,9/20/2019 9:32,266
533,9/20/2019 9:33,222.028,224.3568462,221.818,222.038,1.88,9/20/2019 9:33,266
534,9/20/2019 9:34,222.058,225.0708462,222.028,222.098,1.7475,9/20/2019 9:34,267
535,9/20/2019 9:35,222.087,223.8708462,221.947,221.957,2.5975,9/20/2019 9:35,267
536,9/20/2019 9:36,221.958,223.7568462,221.768,222.097,2.3875,9/20/2019 9:36,268
537,9/20/2019 9:37,222.098,223.5768462,221.857,222.008,2.56,9/20/2019 9:37,268
538,9/20/2019 9:38,222.018,224.1768462,221.977,222.198,2.83,9/20/2019 9:38,269
539,9/20/2019 9:39,222.198,225.0768462,222.128,222.208,3.0375,9/20/2019 9:39,269
540,9/20/2019 9:40,222.218,224.5368462,222.098,222.197,2.5075,9/20/2019 9:40,270
541,9/20/2019 9:41,222.207,224.2368462,221.997,222.087,2.03,9/20/2019 9:41,270
542,9/20/2019 9:42,222.107,223.8768462,221.997,222.057,1.46,9/20/2019 9:42,271
543,9/20/2019 9:43,222.058,223.2768462,221.748,221.898,2.125,9/20/2019 9:43,271
544,9/20/2019 9:44,221.927,222.9168462,221.898,221.958,1.8,9/20/2019 9:44,272
545,9/20/2019 9:45,221.977,223.0368462,221.868,221.878,1.9825,9/20/2019 9:45,272
546,9/20/2019 9:46,221.877,222.3768462,221.748,221.798,3.02,9/20/2019 9:46,273
547,9/20/2019 9:47,221.798,222.0168462,221.717,221.787,2.6275,9/20/2019 9:47,273
548,9/20/2019 9:48,221.787,222.5568462,221.658,221.848,3.1425,9/20/2019 9:48,274
549,9/20/2019 9:49,221.857,222.6768462,221.648,221.677,3.215,9/20/2019 9:49,274
550,9/20/2019 9:50,221.668,221.2968462,221.447,221.487,3.845,9/20/2019 9:50,275
551,9/20/2019 9:51,221.508,222.3168462,221.507,221.807,2.805,9/20/2019 9:51,275
552,9/20/2019 9:52,221.798,222.3168462,221.798,221.848,2.2075,9/20/2019 9:52,276
553,9/20/2019 9:53,221.867,222.3708462,221.807,221.818,2.725,9/20/2019 9:53,276
554,9/20/2019 9:54,221.848,222.1308462,221.728,221.788,2.7975,9/20/2019 9:54,277
555,9/20/2019 9:55,221.798,221.8368462,221.647,221.677,2.955,9/20/2019 9:55,277
556,9/20/2019 9:56,221.678,222.3768462,221.678,221.758,2.89,9/20/2019 9:56,278
557,9/20/2019 9:57,221.758,222.3168462,221.758,221.828,2.385,9/20/2019 9:57,278
558,9/20/2019 9:58,221.828,222.6768462,221.817,221.917,2.1025,9/20/2019 9:58,279
559,9/20/2019 9:59,221.908,222.4968462,221.808,221.888,2.915,9/20/2019 9:59,279
560,9/20/2019 10:00,221.887,223.2168462,221.817,222.038,3.39,9/20/2019 10:00,280
561,9/20/2019 10:01,222.037,223.2768462,221.727,221.758,2.66,9/20/2019 10:01,280
562,9/20/2019 10:02,221.757,222.2568462,221.747,221.858,2.555,9/20/2019 10:02,281
563,9/20/2019 10:03,221.868,222.1968462,221.698,221.768,3.0775,9/20/2019 10:03,281
564,9/20/2019 10:04,221.768,222.3768462,221.767,221.847,3.065,9/20/2019 10:04,282
565,9/20/2019 10:05,221.858,222.3768462,221.747,221.768,3.1475,9/20/2019 10:05,282
566,9/20/2019 10:06,221.768,221.5968462,221.698,221.768,3.075,9/20/2019 10:06,283
567,9/20/2019 10:07,221.777,222.5568462,221.777,221.938,2.785,9/20/2019 10:07,283
568,9/20/2019 10:08,221.937,223.0968462,221.867,221.868,3.0625,9/20/2019 10:08,284
569,9/20/2019 10:09,221.878,222.2568462,221.808,221.808,2.945,9/20/2019 10:09,284
570,9/20/2019 10:10,221.807,222.2508462,221.807,221.858,2.625,9/20/2019 10:10,285
571,9/20/2019 10:11,221.867,222.6768462,221.768,221.788,2.5675,9/20/2019 10:11,285
572,9/20/2019 10:12,221.788,221.8908462,221.707,221.708,2.355,9/20/2019 10:12,286
573,9/20/2019 10:13,221.707,221.3568462,221.607,221.607,3.3925,9/20/2019 10:13,286
574,9/20/2019 10:14,221.607,221.3568462,221.578,221.617,3.11,9/20/2019 10:14,287
575,9/20/2019 10:15,221.628,221.4768462,221.628,221.728,3.505,9/20/2019 10:15,287
576,9/20/2019 10:16,221.747,222.1968462,221.697,221.858,2.54,9/20/2019 10:16,288
577,9/20/2019 10:17,221.848,222.4368462,221.828,221.858,2.2075,9/20/2019 10:17,288
578,9/20/2019 10:18,221.867,223.0968462,221.797,221.957,2.61,9/20/2019 10:18,289
579,9/20/2019 10:19,221.958,222.9168462,221.868,221.998,2.5975,9/20/2019 10:19,289
580,9/20/2019 10:20,221.988,222.8568462,221.888,221.917,2.245,9/20/2019 10:20,290
581,9/20/2019 10:21,221.918,222.6768462,221.897,221.908,1.99,9/20/2019 10:21,290
582,9/20/2019 10:22,221.908,222.6768462,221.897,221.938,2.42,9/20/2019 10:22,291
583,9/20/2019 10:23,221.937,222.7968462,221.898,221.918,1.82,9/20/2019 10:23,291
584,9/20/2019 10:24,221.918,222.6768462,221.867,221.888,1.8325,9/20/2019 10:24,292
585,9/20/2019 10:25,221.887,222.3768462,221.767,221.788,1.9175,9/20/2019 10:25,292
586,9/20/2019 10:26,221.807,221.9568462,221.777,221.798,1.7025,9/20/2019 10:26,293
587,9/20/2019 10:27,221.808,221.9568462,221.787,221.808,1.8325,9/20/2019 10:27,293
588,9/20/2019 10:28,221.817,221.9568462,221.797,221.807,1.675,9/20/2019 10:28,294
589,9/20/2019 10:29,221.798,221.8368462,221.758,221.808,1.8825,9/20/2019 10:29,294
590,9/20/2019 10:30,221.818,223.3368462,221.817,222.068,3.12,9/20/2019 10:30,295
591,9/20/2019 10:31,222.058,223.5168462,222.017,222.078,2.01,9/20/2019 10:31,295
592,9/20/2019 10:32,222.087,224.2968462,222.087,222.188,2.1425,9/20/2019 10:32,296
593,9/20/2019 10:33,222.188,224.5968462,222.187,222.247,2.135,9/20/2019 10:33,296
594,9/20/2019 10:34,222.247,224.5968462,222.128,222.188,1.8025,9/20/2019 10:34,297
595,9/20/2019 10:35,222.188,224.2968462,222.117,222.228,1.485,9/20/2019 10:35,297
596,9/20/2019 10:36,222.248,225.4308462,222.238,222.388,1.895,9/20/2019 10:36,298
597,9/20/2019 10:37,222.388,225.3768462,222.328,222.388,1.6525,9/20/2019 10:37,298
598,9/20/2019 10:38,222.407,225.4968462,222.287,222.298,1.47,9/20/2019 10:38,299
599,9/20/2019 10:39,222.297,224.7108462,221.958,221.987,2.8075,9/20/2019 10:39,299
600,9/20/2019 10:40,221.988,223.2168462,221.877,221.907,1.855,9/20/2019 10:40,300
601,9/20/2019 10:41,221.908,223.2108462,221.907,221.998,1.2825,9/20/2019 10:41,300
602,9/20/2019 10:42,221.997,223.6368462,221.948,222.088,1.5225,9/20/2019 10:42,301
603,9/20/2019 10:43,222.088,223.9308462,222.067,222.118,1.235,9/20/2019 10:43,301
604,9/20/2019 10:44,222.128,223.7568462,222.008,222.038,1.1075,9/20/2019 10:44,302
605,9/20/2019 10:45,222.038,223.6368462,221.998,222.108,1.2275,9/20/2019 10:45,302
606,9/20/2019 10:46,222.107,224.2368462,222.088,222.208,1.395,9/20/2019 10:46,303
607,9/20/2019 10:47,222.217,224.2968462,222.138,222.207,2.375,9/20/2019 10:47,303
608,9/20/2019 10:48,222.207,224.5968462,222.168,222.168,2.545,9/20/2019 10:48,304
609,9/20/2019 10:49,222.167,224.1768462,222.147,222.167,2.4625,9/20/2019 10:49,304
610,9/20/2019 10:50,222.168,223.9968462,222.127,222.158,1.59,9/20/2019 10:50,305
611,9/20/2019 10:51,222.157,224.3508462,222.118,222.217,1.615,9/20/2019 10:51,305
612,9/20/2019 10:52,222.207,224.4168462,222.088,222.147,3.1425,9/20/2019 10:52,306
613,9/20/2019 10:53,222.148,224.1108462,221.927,221.928,2.115,9/20/2019 10:53,306
614,9/20/2019 10:54,221.958,223.5168462,221.938,222.037,2.525,9/20/2019 10:54,307
615,9/20/2019 10:55,222.037,223.1568462,221.857,221.938,1.8575,9/20/2019 10:55,307
616,9/20/2019 10:56,221.938,223.2168462,221.887,221.887,1.49,9/20/2019 10:56,308
617,9/20/2019 10:57,221.887,222.4968462,221.787,221.868,2.57,9/20/2019 10:57,308
618,9/20/2019 10:58,221.878,222.4368462,221.818,221.917,1.78,9/20/2019 10:58,309
619,9/20/2019 10:59,221.928,222.8568462,221.918,221.938,2.225,9/20/2019 10:59,309
620,9/20/2019 11:00,221.938,222.5568462,221.877,221.917,2.4375,9/20/2019 11:00,310
621,9/20/2019 11:01,221.918,223.5168462,221.908,222.078,1.3975,9/20/2019 11:01,310
622,9/20/2019 11:02,222.078,223.3968462,221.918,221.978,2.07,9/20/2019 11:02,311
623,9/20/2019 11:03,221.987,223.2168462,221.947,221.998,2.1375,9/20/2019 11:03,311
624,9/20/2019 11:04,222.008,223.2168462,221.927,221.938,1.63,9/20/2019 11:04,312
625,9/20/2019 11:05,221.938,222.7968462,221.907,221.907,1.785,9/20/2019 11:05,312
626,9/20/2019 11:06,221.907,222.7368462,221.838,221.967,2.04,9/20/2019 11:06,313
627,9/20/2019 11:07,221.968,223.2168462,221.917,222.007,1.4825,9/20/2019 11:07,313
628,9/20/2019 11:08,222.007,223.0968462,221.977,221.988,1.675,9/20/2019 11:08,314
629,9/20/2019 11:09,221.988,223.0368462,221.987,222.018,1.695,9/20/2019 11:09,314
630,9/20/2019 11:10,222.008,223.2768462,221.987,222.018,1.645,9/20/2019 11:10,315
631,9/20/2019 11:11,222.017,223.5768462,222.017,222.088,1.785,9/20/2019 11:11,315
632,9/20/2019 11:12,222.087,223.5768462,222.057,222.067,1.7575,9/20/2019 11:12,316
633,9/20/2019 11:13,222.058,223.3368462,221.867,221.888,1.5625,9/20/2019 11:13,316
634,9/20/2019 11:14,221.887,222.2568462,221.708,221.778,1.8825,9/20/2019 11:14,317
635,9/20/2019 11:15,221.777,222.1368462,221.767,221.858,1.8875,9/20/2019 11:15,317
636,9/20/2019 11:16,221.848,222.3768462,221.837,221.878,1.9675,9/20/2019 11:16,318
637,9/20/2019 11:17,221.868,222.3168462,221.797,221.808,1.865,9/20/2019 11:17,318
638,9/20/2019 11:18,221.808,222.0168462,221.667,221.848,3.72,9/20/2019 11:18,319
639,9/20/2019 11:19,221.847,222.4368462,221.787,221.908,2.8425,9/20/2019 11:19,319
640,9/20/2019 11:20,221.908,222.7308462,221.888,221.938,2.5025,9/20/2019 11:20,320
641,9/20/2019 11:21,221.947,223.1568462,221.947,222.008,1.9775,9/20/2019 11:21,320
642,9/20/2019 11:22,222.007,222.9708462,221.888,221.928,2.06,9/20/2019 11:22,321
643,9/20/2019 11:23,221.927,222.7368462,221.917,221.958,1.5225,9/20/2019 11:23,321
644,9/20/2019 11:24,221.957,223.4568462,221.948,222.028,1.4475,9/20/2019 11:24,322
645,9/20/2019 11:25,222.018,223.2168462,221.938,221.938,1.335,9/20/2019 11:25,322
646,9/20/2019 11:26,221.948,222.7368462,221.868,221.908,1.9925,9/20/2019 11:26,323
647,9/20/2019 11:27,221.907,222.4368462,221.847,221.907,1.745,9/20/2019 11:27,323
648,9/20/2019 11:28,221.907,221.02,221.778,221.808,1.8125,9/20/2019 11:28,324
649,9/20/2019 11:29,221.798,220.8968462,221.727,221.787,1.8275,9/20/2019 11:29,324
