date,value
7/24/2020,75.84
7/23/2020,76.5
7/22/2020,76.11
7/21/2020,75.26
7/20/2020,74.88
7/17/2020,74.78
7/16/2020,74.92
7/15/2020,74.79
7/14/2020,74.47
7/13/2020,74.3
7/10/2020,74.65
7/9/2020,74.89
7/8/2020,74.69
7/7/2020,74.89
7/6/2020,74.63
7/3/2020,74.43
7/2/2020,74.31
7/1/2020,74.52
6/30/2020,73.86
6/29/2020,73.59
6/26/2020,73.84
6/25/2020,73.52
6/24/2020,73.88
6/23/2020,73.86
6/22/2020,73.05
6/19/2020,73.31
6/18/2020,73.65
6/17/2020,73.92
6/16/2020,74.28
6/15/2020,73.73
6/12/2020,73.24
6/11/2020,74.97
6/10/2020,75.02
6/9/2020,76.11
6/8/2020,76.38
6/5/2020,75.78
6/4/2020,75.37
6/3/2020,74.93
6/2/2020,73.13
6/1/2020,71.91
5/29/2020,71.46
5/28/2020,71.33
5/27/2020,71.53
5/26/2020,70.49
5/25/2020,70.34
5/22/2020,70.65
5/21/2020,70.94
5/20/2020,70.39
5/19/2020,70.03
5/18/2020,68.67
5/15/2020,69.28
5/14/2020,69.1
5/13/2020,69.36
5/12/2020,69.86
5/11/2020,69.73
5/8/2020,69.01
5/7/2020,67.92
5/6/2020,68.54
5/5/2020,68.58
5/4/2020,68.91
5/1/2020,69.81
4/30/2020,69.95
4/29/2020,69.36
4/28/2020,69.32
4/27/2020,68.74
4/24/2020,68.54
4/23/2020,68.13
4/22/2020,67.68
4/21/2020,68.18
4/20/2020,68.44
4/17/2020,68.29
4/16/2020,67.87
4/15/2020,69.08
4/14/2020,68.76
4/13/2020,68.87
4/10/2020,68.77
4/9/2020,67.79
4/8/2020,67.09
4/7/2020,66.49
4/6/2020,65.06
4/3/2020,65.39
4/2/2020,65.08
4/1/2020,65.96
3/31/2020,66.51
3/30/2020,66.52
3/27/2020,66.42
3/26/2020,66.25
3/25/2020,66.27
3/24/2020,64.88
3/23/2020,63.91
3/20/2020,63.59
3/19/2020,62.37
3/18/2020,64.6
3/17/2020,64.77
3/16/2020,66.71
3/13/2020,65.26
3/12/2020,67.78
3/11/2020,68.7
3/10/2020,67.4
3/9/2020,69.97
3/6/2020,70.22
3/5/2020,71.25
3/4/2020,70.5
3/3/2020,70.77
3/2/2020,70.37
2/28/2020,71.98
2/27/2020,72.25
2/26/2020,72.76
2/25/2020,73.12
2/24/2020,73.87
2/21/2020,74.13
2/20/2020,74.36
2/19/2020,73.47
2/18/2020,73.76
2/17/2020,73.7
2/14/2020,73.78
2/13/2020,74.16
2/12/2020,73.72
2/11/2020,73.41
2/10/2020,73.24
2/7/2020,74.04
2/6/2020,74.1
2/5/2020,73.81
2/4/2020,72.73
2/3/2020,72.53
1/31/2020,73.22
1/30/2020,73.64
1/29/2020,73.79
1/28/2020,73.63
1/27/2020,74.58
1/24/2020,74.99
1/23/2020,75.17
1/22/2020,75.21
1/21/2020,75.73
1/20/2020,75.71
1/17/2020,75.98
1/16/2020,75.87
1/15/2020,75.92
1/14/2020,75.9
1/13/2020,75.57
1/10/2020,75.13
1/9/2020,74.93
1/8/2020,74.51
1/7/2020,75.2
1/6/2020,75.12
1/3/2020,75.91
1/2/2020,76.3
1/1/2020,76.26
12/31/2019,76.15
12/30/2019,76.45
12/27/2019,76.13
12/26/2019,75.93
12/25/2019,75.7
12/24/2019,75.72
12/23/2019,75.53
12/20/2019,75.32
12/19/2019,75.07
12/18/2019,75.01
12/17/2019,75.42
12/16/2019,75.16
12/13/2019,75.54
12/12/2019,74.66
12/11/2019,74.03
12/10/2019,74.07
12/9/2019,74.32
12/6/2019,74.31
12/5/2019,74.57
12/4/2019,74.39
12/3/2019,74.3
12/2/2019,74.06
11/29/2019,74.16
11/28/2019,74.22
11/27/2019,74
11/26/2019,73.82
11/25/2019,73.69
11/22/2019,73.73
11/21/2019,73.87
11/20/2019,74.12
11/19/2019,74.02
11/18/2019,74.08
11/15/2019,73.59
11/14/2019,74.41
11/13/2019,74.58
11/12/2019,74.69
11/11/2019,74.98
11/8/2019,75.37
11/7/2019,75.01
11/6/2019,75.25
11/5/2019,74.73
11/4/2019,74.74
11/1/2019,74.48
10/31/2019,75.14
10/30/2019,74.7
10/29/2019,74.5
10/28/2019,74.13
10/25/2019,74.07
10/24/2019,74.48
10/23/2019,74.38
10/22/2019,74.6
10/21/2019,74.3
10/18/2019,74.14
10/17/2019,73.52
10/16/2019,73.4
10/15/2019,73.33
10/14/2019,73.57
10/11/2019,73.01
10/10/2019,72.28
10/9/2019,72.04
10/8/2019,72.21
10/7/2019,72.39
10/4/2019,72.01
10/3/2019,71.86
10/2/2019,72.17
10/1/2019,72.95
9/30/2019,72.93
9/27/2019,72.77
9/26/2019,72.75
9/25/2019,72.82
9/24/2019,72.83
9/23/2019,72.79
9/20/2019,73.38
9/19/2019,73.99
9/18/2019,74.24
9/17/2019,74.25
9/16/2019,74.31
9/13/2019,74.14
9/12/2019,73.98
9/11/2019,73.78
9/10/2019,73.59
9/9/2019,73.21
9/6/2019,72.9
9/5/2019,72.32
9/4/2019,71.55
9/3/2019,71.35
9/2/2019,71.62
8/30/2019,71.66
8/29/2019,71.44
8/28/2019,71.4
8/27/2019,71.9
8/26/2019,71.19
8/23/2019,71.91
8/22/2019,72.29
8/21/2019,71.99
8/20/2019,72.14
8/19/2019,72.12
8/16/2019,71.88
8/15/2019,71.48
8/14/2019,72.46
8/13/2019,71.09
8/12/2019,71.73
8/9/2019,72.16
8/8/2019,71.82
8/7/2019,71.96
8/6/2019,71.6
8/5/2019,72.5
8/2/2019,73
8/1/2019,74.44
7/31/2019,74.62
7/30/2019,75.07
7/29/2019,75.13
7/26/2019,75.53
7/25/2019,75.49
7/24/2019,75.8
7/23/2019,75.89
7/22/2019,75.86
7/19/2019,75.91
7/18/2019,75.67
7/17/2019,75.89
7/16/2019,75.95
7/15/2019,75.77
7/12/2019,75.67
7/11/2019,75.47
7/10/2019,75.42
7/9/2019,75.82
7/8/2019,75.86
7/5/2019,75.71
7/4/2019,75.79
7/3/2019,75.45
7/2/2019,75.53
7/1/2019,75.76
6/28/2019,75.5
6/27/2019,75.3
6/26/2019,74.61
6/25/2019,74.7
6/24/2019,74.42
6/21/2019,74.29
6/20/2019,74.38
6/19/2019,74.57
6/18/2019,74.39
6/17/2019,74.62
6/14/2019,74.93
6/13/2019,75.19
6/12/2019,75.55
6/11/2019,75.53
6/10/2019,75.73
6/7/2019,75.62
6/6/2019,75.6
6/5/2019,75.59
6/4/2019,75.4
6/3/2019,75.06
5/31/2019,75.77
5/30/2019,75.8
5/29/2019,75.71
5/28/2019,75.77
5/27/2019,75.78
5/24/2019,75.63
5/23/2019,75.95
5/22/2019,76.07
5/21/2019,76.03
5/20/2019,76.14
5/17/2019,75.7
5/16/2019,75.92
5/15/2019,76.1
5/14/2019,75.89
5/13/2019,76.74
5/10/2019,76.69
5/9/2019,76.94
5/8/2019,77.29
5/7/2019,77.43
5/6/2019,77.13
5/3/2019,78.07
5/2/2019,78.15
5/1/2019,78.53
4/30/2019,78.78
4/29/2019,78.56
4/26/2019,78.32
4/25/2019,78.66
4/24/2019,79.45
4/23/2019,79.88
4/22/2019,80
4/19/2019,80.05
4/18/2019,80.42
4/17/2019,80.36
4/16/2019,80.36
4/15/2019,80.27
4/12/2019,79.56
4/11/2019,79.6
4/10/2019,79.17
4/9/2019,79.43
4/8/2019,79.38
4/5/2019,79.42
4/4/2019,79.3
4/3/2019,78.72
4/2/2019,79.2
4/1/2019,78.66
3/29/2019,78.27
3/28/2019,78.27
3/27/2019,78.92
3/26/2019,78.21
3/25/2019,77.84
3/22/2019,78.82
3/21/2019,78.78
3/20/2019,78.94
3/19/2019,79.15
3/18/2019,78.97
3/15/2019,78.92
3/14/2019,78.87
3/13/2019,78.85
3/12/2019,78.64
3/11/2019,78.33
3/8/2019,78.27
3/7/2019,78.59
3/6/2019,79.26
3/5/2019,79.26
3/4/2019,79.24
3/1/2019,79.01
2/28/2019,79.21
2/27/2019,79.45
2/26/2019,79.59
2/25/2019,78.88
2/22/2019,78.51
2/21/2019,79.4
2/20/2019,79.28
2/19/2019,78.88
2/18/2019,78.9
2/15/2019,78.49
2/14/2019,78.69
2/13/2019,78.39
2/12/2019,77.96
2/11/2019,77.79
2/8/2019,77.98
2/7/2019,78.15
2/6/2019,79.54
2/5/2019,79.42
2/4/2019,79.36
2/1/2019,79.18
1/31/2019,79.04
1/30/2019,78.28
1/29/2019,78.35
1/28/2019,78.64
1/25/2019,77.76
1/24/2019,78.28
1/23/2019,77.9
1/22/2019,78.51
1/21/2019,78.63
1/18/2019,78.6
1/17/2019,78.2
1/16/2019,78.25
1/15/2019,77.84
1/14/2019,78.31
1/11/2019,77.91
1/10/2019,77.56
1/9/2019,77.63
1/8/2019,77.69
1/7/2019,77.2
1/4/2019,75.42
1/3/2019,76.05
1/2/2019,76.95
1/1/2019,77.31
12/31/2018,77.64
12/28/2018,78.02
12/27/2018,78.59
12/26/2018,77.65
12/25/2018,77.88
12/24/2018,78.25
12/21/2018,79.11
12/20/2018,79.95
12/19/2018,80.79
12/18/2018,80.97
12/17/2018,81.34
12/14/2018,82.09
12/13/2018,81.79
12/12/2018,81.66
12/11/2018,81.49
12/10/2018,81.17
12/7/2018,81.52
12/6/2018,82.26
12/5/2018,82.76
12/4/2018,83.6
12/3/2018,82.97
11/30/2018,83.06
11/29/2018,83.04
11/28/2018,82.2
11/27/2018,82.02
11/26/2018,81.69
11/23/2018,81.91
11/22/2018,82.12
11/21/2018,81.35
11/20/2018,82.11
11/19/2018,82.71
11/16/2018,82.68
11/15/2018,82.18
11/14/2018,82.16
11/13/2018,81.67
11/12/2018,82.24
11/9/2018,82.77
11/8/2018,82.6
11/7/2018,82.18
11/6/2018,81.62
11/5/2018,81.45
11/2/2018,81.22
11/1/2018,79.87
10/31/2018,80.38
10/30/2018,79.3
10/29/2018,79.32
10/26/2018,79.59
10/25/2018,79.27
10/24/2018,79.66
10/23/2018,79.89
10/22/2018,80.09
10/19/2018,79.66
10/18/2018,80.09
10/17/2018,80.15
10/16/2018,79.7
10/15/2018,79.8
10/12/2018,79.91
10/11/2018,79.2
10/10/2018,80.22
10/9/2018,80.15
10/8/2018,80.17
10/5/2018,80.61
10/4/2018,81.34
10/3/2018,81.68
10/2/2018,82.29
10/1/2018,82.12
9/28/2018,81.72
9/27/2018,81.8
9/26/2018,81.91
9/25/2018,81.81
9/24/2018,82.06
9/21/2018,82
9/20/2018,81.56
9/19/2018,81.09
9/18/2018,80.32
9/17/2018,80.15
9/14/2018,80.51
9/13/2018,79.73
9/12/2018,79.39
9/11/2018,79.05
9/10/2018,78.89
9/7/2018,79.74
9/6/2018,80.21
9/5/2018,79.97
9/4/2018,80.13
9/3/2018,79.87
8/31/2018,80.51
8/30/2018,81.63
8/29/2018,81.58
8/28/2018,81.64
8/27/2018,81.5
8/24/2018,80.66
8/23/2018,81.23
8/22/2018,81.26
8/21/2018,80.73
8/20/2018,80.83
8/17/2018,80.53
8/16/2018,80.16
8/15/2018,80.48
8/14/2018,80.51
8/13/2018,80.93
8/10/2018,81.91
8/9/2018,82.5
8/8/2018,82.66
8/7/2018,82.29
8/6/2018,82.33
8/3/2018,82.17
8/2/2018,82.73
8/1/2018,83.06
7/31/2018,82.26
7/30/2018,82.15
7/27/2018,82.03
7/26/2018,82.73
7/25/2018,82.51
7/24/2018,82.18
7/23/2018,82.65
7/20/2018,82.73
7/19/2018,83.5
7/18/2018,83.4
7/17/2018,83.33
7/16/2018,83.4
7/13/2018,83.35
7/12/2018,82.51
7/11/2018,82.7
7/10/2018,82.77
7/9/2018,82.07
7/6/2018,81.74
7/5/2018,81.63
7/4/2018,81.68
7/3/2018,81.42
7/2/2018,81.98
6/29/2018,81.24
6/28/2018,80.92
6/27/2018,81.35
6/26/2018,81.37
6/25/2018,81.81
6/22/2018,81.16
6/21/2018,81.3
6/20/2018,81.22
6/19/2018,82.08
6/18/2018,82.35
6/15/2018,82.74
6/14/2018,83.63
6/13/2018,83.57
6/12/2018,83.72
6/11/2018,83.24
6/8/2018,83.64
6/7/2018,84.48
6/6/2018,83.61
6/5/2018,83.98
6/4/2018,82.91
6/1/2018,82.34
5/31/2018,82.5
5/30/2018,81.64
5/29/2018,82.57
5/28/2018,82.58
5/25/2018,82.78
5/24/2018,83.22
5/23/2018,84
5/22/2018,84.18
5/21/2018,83.17
5/18/2018,83.24
5/17/2018,82.98
5/16/2018,82.46
5/15/2018,82.51
5/14/2018,82.5
5/11/2018,82.39
5/10/2018,81.89
5/9/2018,81.34
5/8/2018,82.01
5/7/2018,82.27
5/4/2018,82.25
5/3/2018,82.31
5/2/2018,82.28
5/1/2018,82.34
4/30/2018,82.69
4/27/2018,82.57
4/26/2018,82.78
4/25/2018,82.75
4/24/2018,82.62
4/23/2018,82.59
4/20/2018,82.98
4/19/2018,83.45
4/18/2018,83.1
4/17/2018,83.33
4/16/2018,83.35
4/13/2018,83.21
4/12/2018,82.84
4/11/2018,83.21
4/10/2018,82.2
4/9/2018,82.06
4/6/2018,82.5
4/5/2018,82.4
4/4/2018,81.9
4/3/2018,81.1
4/2/2018,81.66
3/30/2018,81.72
3/29/2018,81.84
3/28/2018,80.91
3/27/2018,81.63
3/26/2018,80.62
3/23/2018,80.95
3/22/2018,82.35
3/21/2018,81.85
3/20/2018,81.87
3/19/2018,81.74
3/16/2018,82.93
3/15/2018,83.76
3/14/2018,83.73
3/13/2018,83.78
3/12/2018,83.82
3/9/2018,82.73
3/8/2018,82.98
3/7/2018,83.09
3/6/2018,82.43
3/5/2018,82.01
3/2/2018,82.4
3/1/2018,82.81
2/28/2018,83.61
2/27/2018,83.97
2/26/2018,83.79
2/23/2018,83.69
2/22/2018,84.11
2/21/2018,84.6
2/20/2018,84.34
2/19/2018,84.07
2/16/2018,84.31
2/15/2018,84.83
2/14/2018,84.73
2/13/2018,85.37
2/12/2018,85
2/9/2018,84.6
2/8/2018,85.53
2/7/2018,86.63
2/6/2018,85.94
2/5/2018,87.27
2/2/2018,87.98
2/1/2018,87.95
1/31/2018,87.92
1/30/2018,88.2
1/29/2018,88.06
1/26/2018,87.8
1/25/2018,88.06
1/24/2018,88.21
1/23/2018,88.93
1/22/2018,88.58
1/19/2018,88.91
1/18/2018,88.68
1/17/2018,87.94
1/16/2018,88.04
1/15/2018,87.9
1/12/2018,87.81
1/11/2018,87.41
1/10/2018,88.11
1/9/2018,88.69
1/8/2018,88.89
1/5/2018,88.59
1/4/2018,88.17
1/3/2018,87.92
1/2/2018,87.94
1/1/2018,87.96
12/29/2017,88.01
12/28/2017,88.05
12/27/2017,87.51
12/26/2017,87.38
12/25/2017,87.36
12/22/2017,87.29
12/21/2017,86.94
12/20/2017,86.49
12/19/2017,86.28
12/18/2017,86.09
12/15/2017,86.17
12/14/2017,85.89
12/13/2017,85.83
12/12/2017,85.46
12/11/2017,85.2
12/8/2017,84.94
12/7/2017,84.93
12/6/2017,85.64
12/5/2017,85.42
12/4/2017,85.43
12/1/2017,85.14
11/30/2017,84.72
11/29/2017,84.67
11/28/2017,84.46
11/27/2017,84.98
11/24/2017,84.81
11/23/2017,84.7
11/22/2017,85.22
11/21/2017,85.02
11/20/2017,84.82
11/17/2017,85.77
11/16/2017,85.66
11/15/2017,86.57
11/14/2017,86.61
11/13/2017,86.9
11/10/2017,87.43
11/9/2017,87.43
11/8/2017,87.09
11/7/2017,87.46
11/6/2017,87.25
11/3/2017,87.98
11/2/2017,87.63
11/1/2017,87.01
10/31/2017,87.02
10/30/2017,87.27
10/27/2017,87.32
10/26/2017,87.63
10/25/2017,88.57
10/24/2017,88.55
10/23/2017,88.72
10/20/2017,88.67
10/19/2017,88.62
10/18/2017,88.03
10/17/2017,88.08
10/16/2017,88.2
10/13/2017,87.81
10/12/2017,87.63
10/11/2017,87.47
10/10/2017,87.37
10/9/2017,87.56
10/6/2017,87.93
10/5/2017,88.68
10/4/2017,88.42
10/3/2017,88.25
10/2/2017,88.11
9/29/2017,88.27
9/28/2017,88.48
9/27/2017,88.51
9/26/2017,88.66
9/25/2017,89.15
9/22/2017,89.23
9/21/2017,90.13
9/20/2017,89.39
9/19/2017,88.79
9/18/2017,88.68
9/15/2017,88.24
9/14/2017,88.24
9/13/2017,88.35
9/12/2017,87.81
9/11/2017,86.87
9/8/2017,87.28
9/7/2017,87.38
9/6/2017,86.99
9/5/2017,87.2
9/4/2017,87.92
9/1/2017,87.4
8/31/2017,87.15
8/30/2017,87.26
8/29/2017,87
8/28/2017,86.75
8/25/2017,86.63
8/24/2017,86.21
8/23/2017,86.69
8/22/2017,86.52
8/21/2017,86.59
8/18/2017,86.41
8/17/2017,87.32
8/16/2017,86.57
8/15/2017,86.09
8/14/2017,86.2
8/11/2017,86.01
8/10/2017,86.81
8/9/2017,87.33
8/8/2017,87.63
8/7/2017,87.74
8/4/2017,87.48
8/3/2017,88.24
8/2/2017,87.95
8/1/2017,88.25
7/31/2017,88.4
7/28/2017,88.65
7/27/2017,89
7/26/2017,88.81
7/25/2017,88.04
7/24/2017,87.96
7/21/2017,89.05
7/20/2017,89.04
7/19/2017,88.71
7/18/2017,87.88
7/17/2017,88.09
7/14/2017,87.57
7/13/2017,86.88
7/12/2017,87.03
7/11/2017,86.74
7/10/2017,86.6
7/7/2017,85.88
7/6/2017,86.12
7/5/2017,86.14
7/4/2017,86.86
7/3/2017,86.42
6/30/2017,86.2
6/29/2017,85.79
6/28/2017,85.2
6/27/2017,84.84
6/26/2017,84.21
6/23/2017,83.96
6/22/2017,84.12
6/21/2017,84.48
6/20/2017,84.74
6/19/2017,84.5
6/16/2017,84.08
6/15/2017,83.13
6/14/2017,82.97
6/13/2017,82.93
6/12/2017,83.05
6/9/2017,83.03
6/8/2017,82.9
6/7/2017,82.14
6/6/2017,82.7
6/5/2017,82.18
6/2/2017,82.13
6/1/2017,82.32
5/31/2017,82.74
5/30/2017,82.79
5/29/2017,82.91
5/26/2017,83.37
5/25/2017,83.67
5/24/2017,83.59
5/23/2017,83.22
5/22/2017,82.95
5/19/2017,82.71
5/18/2017,82.35
5/17/2017,84
5/16/2017,84.35
5/15/2017,83.72
5/12/2017,84.02
5/11/2017,84.19
5/10/2017,83.72
5/9/2017,83.66
5/8/2017,83.65
5/5/2017,83.33
5/4/2017,83.7
5/3/2017,84.39
5/2/2017,84.16
5/1/2017,83.51
4/28/2017,83.04
4/27/2017,83.02
4/26/2017,83.7
4/25/2017,83.1
4/24/2017,82.31
4/21/2017,82.28
4/20/2017,81.62
4/19/2017,81.98
4/18/2017,82.66
4/17/2017,82.3
4/14/2017,82.54
4/13/2017,82.01
4/12/2017,82.21
4/11/2017,83.22
4/10/2017,83.22
4/7/2017,83.61
4/6/2017,83.78
4/5/2017,83.78
4/4/2017,84.33
4/3/2017,84.97
3/31/2017,85.52
3/30/2017,85.17
3/29/2017,84.85
3/28/2017,84.29
3/27/2017,84.89
3/24/2017,84.6
3/23/2017,85.35
3/22/2017,85.92
3/21/2017,87.04
3/20/2017,86.81
3/17/2017,86.98
3/16/2017,87.4
3/15/2017,86.8
3/14/2017,86.98
3/13/2017,86.59
3/10/2017,86.29
3/9/2017,86.06
3/8/2017,86.49
3/7/2017,86.21
3/6/2017,86.61
3/3/2017,86.66
3/2/2017,87.31
3/1/2017,86.33
2/28/2017,86.48
2/27/2017,86.02
2/24/2017,86.88
2/23/2017,87.27
2/22/2017,87.24
2/21/2017,86.95
2/20/2017,86.44
2/17/2017,87.13
2/16/2017,88.02
2/15/2017,87.54
2/14/2017,86.88
2/13/2017,86.9
2/10/2017,86.36
2/9/2017,85.58
2/8/2017,85.73
2/7/2017,85.58
2/6/2017,86.48
2/3/2017,86.38
2/2/2017,85.91
2/1/2017,85.56
1/31/2017,85.94
1/30/2017,86.87
1/27/2017,86.31
1/26/2017,85.8
1/25/2017,86.25
1/24/2017,85.48
1/23/2017,86.61
1/20/2017,86.86
1/19/2017,86.08
1/18/2017,85.2
1/17/2017,85.38
1/16/2017,85.9
1/13/2017,85.85
1/12/2017,85.88
1/11/2017,85.33
1/10/2017,85.26
1/9/2017,85.39
1/6/2017,84.64
1/5/2017,85.39
1/4/2017,85.01
1/3/2017,84.47
1/2/2017,84.22
12/30/2016,84.12
12/29/2016,84.14
12/28/2016,84.4
12/27/2016,84.25
12/26/2016,84.13
12/23/2016,84.82
12/22/2016,85.05
12/21/2016,85.55
12/20/2016,84.81
12/19/2016,86.13
12/16/2016,86.97
12/15/2016,86.84
12/14/2016,86.52
12/13/2016,86.24
12/12/2016,85.9
12/9/2016,85.09
12/8/2016,85.12
12/7/2016,84.97
12/6/2016,85.07
12/5/2016,84.66
12/2/2016,84.61
12/1/2016,84.54
11/30/2016,84.11
11/29/2016,83.76
11/28/2016,84.27
11/25/2016,83.95
11/24/2016,83.08
11/23/2016,82.27
11/22/2016,81.65
11/21/2016,81.36
11/18/2016,81.56
11/17/2016,81.67
11/16/2016,82.54
11/15/2016,81.85
11/14/2016,80.52
11/11/2016,81.33
11/10/2016,80.6
11/9/2016,82.14
11/8/2016,80.72
11/7/2016,79.15
11/4/2016,79.13
11/3/2016,79.13
11/2/2016,79.7
11/1/2016,79.76
10/31/2016,79.58
10/28/2016,79.89
10/27/2016,79.94
10/26/2016,79.7
10/25/2016,79.28
10/24/2016,78.97
10/21/2016,79.28
10/20/2016,79.88
10/19/2016,79.62
10/18/2016,79.26
10/17/2016,79.37
10/14/2016,78.46
10/13/2016,78.8
10/12/2016,78.03
10/11/2016,78.81
10/10/2016,78.11
10/7/2016,78.85
10/6/2016,78.89
10/5/2016,78.41
10/4/2016,78
10/3/2016,77.64
9/30/2016,77.14
9/29/2016,77.45
9/28/2016,76.99
9/27/2016,76.62
9/26/2016,76.99
9/23/2016,77
9/22/2016,76.49
9/21/2016,76.85
9/20/2016,76.79
9/19/2016,76.62
9/16/2016,76.73
9/15/2016,76.5
9/14/2016,76.61
9/13/2016,77.06
9/12/2016,77.44
9/9/2016,78.32
9/8/2016,78.06
9/7/2016,78.43
9/6/2016,78.44
9/5/2016,78.68
9/2/2016,77.97
9/1/2016,77.75
8/31/2016,77.34
8/30/2016,77.16
8/29/2016,77.02
8/26/2016,76.59
8/25/2016,76.49
8/24/2016,76.33
8/23/2016,76.52
8/22/2016,76.44
8/19/2016,76.79
8/18/2016,76.76
8/17/2016,77.18
8/16/2016,77.71
8/15/2016,77.5
8/12/2016,78.5
8/11/2016,78
8/10/2016,78.16
8/9/2016,78.38
8/8/2016,77.57
8/5/2016,77.2
8/4/2016,76.82
8/3/2016,76.76
8/2/2016,77.18
8/1/2016,77.58
7/29/2016,78.99
7/28/2016,78.93
7/27/2016,78.52
7/26/2016,79.03
7/25/2016,79.19
7/22/2016,79.32
7/21/2016,80
7/20/2016,79.63
7/19/2016,80.57
7/18/2016,79.46
7/15/2016,80.38
7/14/2016,79.46
7/13/2016,79.82
7/12/2016,77.43
7/11/2016,76.09
7/8/2016,75.46
7/7/2016,76.19
7/6/2016,75.92
7/5/2016,77.33
7/4/2016,76.76
7/1/2016,76.9
6/30/2016,76.65
6/29/2016,75.89
6/28/2016,74.78
6/27/2016,76.33
6/24/2016,80.81
6/23/2016,78.28
6/22/2016,78.03
6/21/2016,77.51
6/20/2016,77.03
6/17/2016,76.77
6/16/2016,78.54
6/15/2016,78.07
6/14/2016,78.49
6/13/2016,78.91
6/10/2016,79.57
6/9/2016,79.95
6/8/2016,80.08
6/7/2016,79.21
6/6/2016,78.5
6/3/2016,78.71
6/2/2016,79.51
6/1/2016,80.1
5/31/2016,79.8
5/30/2016,79.25
5/27/2016,79.33
5/26/2016,79.33
5/25/2016,79.01
5/24/2016,78.92
5/23/2016,79.53
5/20/2016,79.47
5/19/2016,79.66
5/18/2016,79.95
5/17/2016,79.47
5/16/2016,78.96
5/13/2016,79.87
5/12/2016,79.95
5/11/2016,80.45
5/10/2016,79.26
5/9/2016,78.93
5/6/2016,80.07
5/5/2016,79.78
5/4/2016,79.77
5/3/2016,81.58
5/2/2016,80.94
4/29/2016,82.43
4/28/2016,84.55
4/27/2016,86.26
4/26/2016,85.8
4/25/2016,86.17
4/22/2016,84.71
4/21/2016,85.65
4/20/2016,85.34
4/19/2016,84.33
4/18/2016,84
4/15/2016,84.19
4/14/2016,83.7
4/13/2016,83.41
4/12/2016,82.01
4/11/2016,81.65
4/8/2016,81.21
4/7/2016,83.44
4/6/2016,83.23
4/5/2016,84.67
4/4/2016,85.75
4/1/2016,86.2
3/31/2016,86.24
3/30/2016,85.97
3/29/2016,85.6
3/28/2016,84.9
3/25/2016,84.98
3/24/2016,84.63
3/23/2016,85.64
3/22/2016,84.84
3/21/2016,84.81
3/18/2016,85.2
3/17/2016,84.99
3/16/2016,84.36
3/15/2016,85.52
3/14/2016,86.11
3/11/2016,84.38
3/10/2016,84.86
3/9/2016,83.78
3/8/2016,84.74
3/7/2016,84.62
3/4/2016,83.59
3/3/2016,82.77
3/2/2016,81.81
3/1/2016,80.5
2/29/2016,81.24
2/26/2016,81.75
2/25/2016,80.73
2/24/2016,80.75
2/23/2016,81.6
2/22/2016,80.52
2/19/2016,81.06
2/18/2016,81.96
2/17/2016,81.13
2/16/2016,81.8
2/15/2016,80.48
2/12/2016,79.93
2/11/2016,80.42
2/10/2016,81.37
2/9/2016,82.11
2/8/2016,82.6
2/5/2016,84.06
2/4/2016,84.53
2/3/2016,84.46
2/2/2016,86.08
2/1/2016,85.8
1/29/2016,84.16
1/28/2016,83.38
1/27/2016,82.94
1/26/2016,82.27
1/25/2016,83.18
1/22/2016,82.36
1/21/2016,80.78
1/20/2016,81.26
1/19/2016,80.55
1/18/2016,80.28
1/15/2016,82.47
1/14/2016,81.88
1/13/2016,82.2
1/12/2016,82.37
1/11/2016,81.53
1/8/2016,82.49
1/7/2016,83.78
1/6/2016,85.21
1/5/2016,85.88
1/4/2016,87.8
1/1/2016,87.64
12/31/2015,87.82
12/30/2015,87.86
12/29/2015,87.3
12/28/2015,87.25
12/25/2015,87.49
12/24/2015,87.48
12/23/2015,87.6
12/22/2015,87.12
12/21/2015,86.94
12/18/2015,87.36
12/17/2015,88.37
12/16/2015,87.53
12/15/2015,87.65
12/14/2015,86.97
12/11/2015,88.51
12/10/2015,87.8
12/9/2015,88.7
12/8/2015,89.67
12/7/2015,90.37
12/4/2015,90.02
12/3/2015,90.08
12/2/2015,89.98
12/1/2015,88.96
11/30/2015,88.37
11/27/2015,88.57
11/26/2015,89
11/25/2015,88.9
11/24/2015,88.35
11/23/2015,88.88
11/20/2015,88.38
11/19/2015,87.91
11/18/2015,87.79
11/17/2015,87.4
11/16/2015,87.38
11/13/2015,87.38
11/12/2015,86.76
11/11/2015,86.6
11/10/2015,86.8
11/9/2015,86.76
11/6/2015,86.96
11/5/2015,86.9
11/4/2015,86.99
11/3/2015,86.3
11/2/2015,86.09
10/30/2015,85.67
10/29/2015,86.18
10/28/2015,86.64
10/27/2015,87.78
10/26/2015,87.66
10/23/2015,87
10/22/2015,86.48
10/21/2015,87.03
10/20/2015,86.62
10/19/2015,86.83
10/16/2015,87.12
10/15/2015,86.76
10/14/2015,86.77
10/13/2015,88.36
10/12/2015,88.2
10/9/2015,87.08
10/8/2015,86.51
10/7/2015,86.15
10/6/2015,85.33
10/5/2015,84.54
10/2/2015,84.32
10/1/2015,84.12
9/30/2015,83.64
9/29/2015,83.82
9/28/2015,84.72
9/25/2015,84.35
9/24/2015,84.2
9/23/2015,85.19
9/22/2015,85.98
9/21/2015,86.26
9/18/2015,86.1
9/17/2015,86.77
9/16/2015,86
9/15/2015,85.83
9/14/2015,85.5
9/11/2015,85.31
9/10/2015,84.58
9/9/2015,84.07
9/8/2015,82.58
9/7/2015,82.26
9/4/2015,84.26
9/3/2015,84.7
9/2/2015,83.76
9/1/2015,86.22
8/31/2015,87.25
8/28/2015,86.74
8/27/2015,85.41
8/26/2015,84.74
8/25/2015,84.74
8/24/2015,89.32
8/21/2015,90.54
8/20/2015,90.99
8/19/2015,91.32
8/18/2015,91.71
8/17/2015,91.73
8/14/2015,91.58
8/13/2015,91.66
8/12/2015,91.37
8/11/2015,92.39
8/10/2015,92.17
8/7/2015,91.64
8/6/2015,91.84
8/5/2015,91.8
8/4/2015,90.37
8/3/2015,90.5
7/31/2015,90.54
7/30/2015,90.43
7/29/2015,90.65
7/28/2015,89.6
7/27/2015,90.18
7/24/2015,91.15
7/23/2015,91.43
7/22/2015,91.91
7/21/2015,91.6
7/20/2015,91.43
7/17/2015,91.93
7/16/2015,91.35
7/15/2015,91.97
7/14/2015,91.42
7/13/2015,91.46
7/10/2015,90.35
7/9/2015,89.68
7/8/2015,91.32
7/7/2015,91.91
7/6/2015,92.26
7/3/2015,93.92
7/2/2015,94.16
7/1/2015,94.42
6/30/2015,94.1
6/29/2015,94.8
6/26/2015,95.66
6/25/2015,95.43
6/24/2015,95.89
6/23/2015,95.34
6/22/2015,95.38
6/19/2015,95.89
6/18/2015,95.65
6/17/2015,95.62
6/16/2015,95.84
6/15/2015,95.39
6/12/2015,95.71
6/11/2015,95.17
6/10/2015,95.63
6/9/2015,95.9
6/8/2015,95.78
6/5/2015,95.61
6/4/2015,96.75
6/3/2015,96.48
6/2/2015,94.93
6/1/2015,94.91
5/29/2015,94.81
5/28/2015,95.6
5/27/2015,95.2
5/26/2015,95.1
5/25/2015,95.07
5/22/2015,95.58
5/21/2015,95.55
5/20/2015,95.5
5/19/2015,95.89
5/18/2015,95.92
5/15/2015,96.29
5/14/2015,96.66
5/13/2015,95.61
5/12/2015,94.77
5/11/2015,95.04
5/8/2015,94.67
5/7/2015,95.22
5/6/2015,95.18
5/5/2015,94.14
5/4/2015,94.33
5/1/2015,94.36
4/30/2015,95.3
4/29/2015,95.34
4/28/2015,93.53
4/27/2015,93.01
4/24/2015,93.01
4/23/2015,93
4/22/2015,92.28
4/21/2015,92.1
4/20/2015,92.56
4/17/2015,92.87
4/16/2015,91.5
4/15/2015,91.06
4/14/2015,91.17
4/13/2015,92.28
4/10/2015,92.75
4/9/2015,92.29
4/8/2015,91.82
4/7/2015,90.76
4/6/2015,90.8
4/3/2015,90.9
4/2/2015,91.02
4/1/2015,91.37
3/31/2015,91.89
3/30/2015,92.33
3/27/2015,93.3
3/26/2015,93.74
3/25/2015,94.33
3/24/2015,94.35
3/23/2015,93.36
3/20/2015,92.4
3/19/2015,93.42
3/18/2015,92.46
3/17/2015,92.71
3/16/2015,92.71
3/13/2015,93.48
3/12/2015,92.24
3/11/2015,92.38
3/10/2015,93.32
3/9/2015,93.23
3/6/2015,93.49
3/5/2015,93.56
3/4/2015,93.6
3/3/2015,93.29
3/2/2015,93.42
2/27/2015,93.16
2/26/2015,93.75
2/25/2015,93.16
2/24/2015,92.7
2/23/2015,93.35
2/20/2015,92.68
2/19/2015,92.78
2/18/2015,93.24
2/17/2015,92.11
2/16/2015,92.36
2/13/2015,92.13
2/12/2015,92.98
2/11/2015,92.8
2/10/2015,92.56
2/9/2015,92.88
2/6/2015,91.65
2/5/2015,90.93
2/4/2015,91.62
2/3/2015,91.74
2/2/2015,91.32
1/30/2015,91.8
1/29/2015,92.73
1/28/2015,93.55
1/27/2015,93.86
1/26/2015,93.19
1/23/2015,95.1
1/22/2015,95.37
1/21/2015,97.1
1/20/2015,96.54
1/19/2015,96.68
1/16/2015,95.43
1/15/2015,95.62
1/14/2015,96.31
1/13/2015,96.55
1/12/2015,97.23
1/9/2015,97.21
1/8/2015,96.32
1/7/2015,95.72
1/6/2015,96.72
1/5/2015,97.48
1/2/2015,97.74
1/1/2015,97.82
12/31/2014,97.75
12/30/2014,98.13
12/29/2014,97.73
12/26/2014,97.51
12/25/2014,97.66
12/24/2014,97.79
12/23/2014,97.66
12/22/2014,97.28
12/19/2014,97.03
12/18/2014,96.37
12/17/2014,95.66
12/16/2014,96.78
12/15/2014,97.95
12/12/2014,98.12
12/11/2014,98
12/10/2014,99.27
12/9/2014,100.1
12/8/2014,101.03
12/5/2014,100.48
12/4/2014,100.69
12/3/2014,100.68
12/2/2014,100.52
12/1/2014,100.87
11/28/2014,100.57
11/27/2014,100.63
11/26/2014,100.63
11/25/2014,101.94
11/24/2014,102.18
11/21/2014,101.89
11/20/2014,101.67
11/19/2014,101.89
11/18/2014,101.58
11/17/2014,101.76
11/14/2014,100.69
11/13/2014,100.74
11/12/2014,99
11/11/2014,98.98
11/10/2014,98.98
11/7/2014,98.37
11/6/2014,99.28
11/5/2014,98.82
11/4/2014,98.83
11/3/2014,98.83
10/31/2014,97.35
10/30/2014,95.8
10/29/2014,94.97
10/28/2014,97.35
10/27/2014,95.14
10/24/2014,93.99
10/23/2014,93.82
10/22/2014,94.01
10/21/2014,93.46
10/20/2014,93.46
10/17/2014,97.35
10/16/2014,93.38
10/15/2014,93.67
10/14/2014,93.15
10/13/2014,93.53
10/10/2014,95.58
10/9/2014,95.15
10/8/2014,95.41
10/7/2014,95.21
10/6/2014,95.21
10/3/2014,95.31
10/2/2014,95.9
10/1/2014,95.42
9/30/2014,95.81
9/29/2014,95.81
9/26/2014,96.84
9/25/2014,96.31
9/24/2014,96.56
9/23/2014,97.34
9/22/2014,97.33
9/19/2014,97.25
9/18/2014,97.33
9/17/2014,96.77
9/16/2014,96.72
9/15/2014,97.86
9/12/2014,97.86
9/11/2014,97.82
9/10/2014,97.74
9/9/2014,98.41
9/8/2014,98.52
9/5/2014,98.41
9/4/2014,97.95
9/3/2014,97.47
9/2/2014,97.38
9/1/2014,97.21
8/29/2014,97.04
8/28/2014,97
8/27/2014,96.85
8/26/2014,96.74
8/25/2014,96.84
8/22/2014,96.6
8/21/2014,96.38
8/20/2014,95.74
8/19/2014,95.64
8/18/2014,95.41
8/15/2014,95.48
8/14/2014,95.29
8/13/2014,94.78
8/12/2014,94.66
8/11/2014,94.66
8/8/2014,94.65
8/7/2014,95.5
8/6/2014,95.46
8/5/2014,95.74
8/4/2014,95.57
8/1/2014,95.55
7/31/2014,95.91
7/30/2014,95.83
7/29/2014,95.81
7/28/2014,95.68
7/25/2014,95.89
7/24/2014,95.97
7/23/2014,95.32
7/22/2014,95.05
7/21/2014,95.15
7/18/2014,94.61
7/17/2014,95.26
7/16/2014,95.29
7/15/2014,95.38
7/14/2014,95.17
7/11/2014,95.21
7/10/2014,95.68
7/9/2014,95.47
7/8/2014,95.49
7/7/2014,95.6
7/4/2014,95.52
7/3/2014,96.11
7/2/2014,96.42
7/1/2014,95.58
6/30/2014,95.57
6/27/2014,95.77
6/26/2014,95.83
6/25/2014,95.51
6/24/2014,96.04
6/23/2014,95.83
6/20/2014,95.81
6/19/2014,95.88
6/18/2014,95.37
6/17/2014,95.73
6/16/2014,95.95
6/13/2014,95.87
6/12/2014,95.78
6/11/2014,95.93
6/10/2014,95.92
6/9/2014,95.67
6/6/2014,95.65
6/5/2014,95.33
6/4/2014,94.97
6/3/2014,94.67
6/2/2014,94.77
5/30/2014,94.73
5/29/2014,94.08
5/28/2014,94.42
5/27/2014,94.17
5/26/2014,94.13
5/23/2014,93.86
5/22/2014,93.78
5/21/2014,93.66
5/20/2014,94.68
5/19/2014,95.04
5/16/2014,95.05
5/15/2014,95.57
5/14/2014,95.72
5/13/2014,95.61
5/12/2014,95.36
5/9/2014,95.29
5/8/2014,95.06
5/7/2014,95.1
5/6/2014,94.72
5/5/2014,94.79
5/2/2014,94.88
5/1/2014,94.96
4/30/2014,95.12
4/29/2014,94.87
4/28/2014,94.82
4/25/2014,94.78
4/24/2014,95.28
4/23/2014,96.12
4/22/2014,95.7
4/21/2014,95.61
4/18/2014,95.53
4/17/2014,95.81
4/16/2014,95.41
4/15/2014,95.97
4/14/2014,95.47
4/11/2014,95.57
4/10/2014,95.77
4/9/2014,95.3
4/8/2014,95.57
4/7/2014,95.97
4/4/2014,95.95
4/3/2014,96.08
4/2/2014,95.85
4/1/2014,95.62
3/31/2014,95.09
3/28/2014,94.61
3/27/2014,94.15
3/26/2014,93.74
3/25/2014,93.37
3/24/2014,92.88
3/21/2014,92.55
3/20/2014,92.52
3/19/2014,92.58
3/18/2014,92.47
3/17/2014,91.55
3/14/2014,91.99
3/13/2014,92.35
3/12/2014,92.47
3/11/2014,93.16
3/10/2014,93.67
3/7/2014,93.7
3/6/2014,91.92
3/5/2014,91.48
3/4/2014,90.67
3/3/2014,90.89
2/28/2014,91.55
2/27/2014,91.8
2/26/2014,92.23
2/25/2014,92.63
2/24/2014,92
2/21/2014,92.1
2/20/2014,92.08
2/19/2014,92.41
2/18/2014,92.05
2/17/2014,91.99
2/14/2014,91.73
2/13/2014,92.55
2/12/2014,92.75
2/11/2014,91.52
2/10/2014,91.71
2/7/2014,91.47
2/6/2014,90.41
2/5/2014,90.73
2/4/2014,88.38
2/3/2014,89.3
1/31/2014,90.34
1/30/2014,89.38
1/29/2014,90.37
1/28/2014,89.62
1/27/2014,88.87
1/24/2014,90.56
1/23/2014,92.53
1/22/2014,91.85
1/21/2014,91.79
1/20/2014,91.61
1/17/2014,92.06
1/16/2014,93.21
1/15/2014,93.45
1/14/2014,93.25
1/13/2014,93.71
1/10/2014,93.28
1/9/2014,93.35
1/8/2014,93.37
1/7/2014,93.46
1/6/2014,93.81
1/3/2014,93.38
1/2/2014,93.66
1/1/2014,93.87
12/31/2013,93.61
12/30/2013,93.24
12/27/2013,93.23
12/26/2013,93.15
12/25/2013,93.08
12/24/2013,93
12/23/2013,92.84
12/20/2013,92.43
12/19/2013,92.39
12/18/2013,91.36
12/17/2013,92.17
12/16/2013,92.54
12/13/2013,92.39
12/12/2013,92.69
12/11/2013,94.11
12/10/2013,94.07
12/9/2013,93.64
12/6/2013,92.26
12/5/2013,92.42
12/4/2013,93.66
12/3/2013,93.73
12/2/2013,93.31
11/29/2013,93.1
11/28/2013,92.75
11/27/2013,92.43
11/26/2013,93.16
11/25/2013,92.86
11/22/2013,93.41
11/21/2013,93.37
11/20/2013,94.46
11/19/2013,93.78
11/18/2013,93.86
11/15/2013,93.18
11/14/2013,92.87
11/13/2013,92.7
11/12/2013,92.81
11/11/2013,92.97
11/8/2013,92.75
11/7/2013,94
11/6/2013,93.65
11/5/2013,93.78
11/4/2013,93.13
11/1/2013,93.01
10/31/2013,93.44
10/30/2013,93.1
10/29/2013,93.49
10/28/2013,93.37
10/25/2013,93.61
10/24/2013,93.74
10/23/2013,95.27
10/22/2013,94.78
10/21/2013,94.6
10/18/2013,94.35
10/17/2013,94.33
10/16/2013,93.52
10/15/2013,93.54
10/14/2013,93.33
10/11/2013,92.76
10/10/2013,91.95
10/9/2013,91.31
10/8/2013,91.19
10/7/2013,91.96
10/4/2013,91.37
10/3/2013,91.38
10/2/2013,92.1
10/1/2013,91.52
9/30/2013,91.53
9/27/2013,92.7
9/26/2013,92.21
9/25/2013,92.74
9/24/2013,93.2
9/23/2013,93.3
9/20/2013,93.89
9/19/2013,93.24
9/18/2013,92.74
9/17/2013,92.31
9/16/2013,91.85
9/13/2013,92.3
9/12/2013,93.17
9/11/2013,93.49
9/10/2013,91.88
9/9/2013,91.04
9/6/2013,91.32
9/5/2013,91.52
9/4/2013,90.25
9/3/2013,89.19
9/2/2013,87.38
8/30/2013,87.82
8/29/2013,87.29
8/28/2013,87.17
8/27/2013,88.93
8/26/2013,89.13
8/23/2013,88.92
8/22/2013,87.66
8/21/2013,88.23
8/20/2013,88.87
8/19/2013,89.57
8/16/2013,89.03
8/15/2013,89.54
8/14/2013,89.51
8/13/2013,88.64
8/12/2013,88.54
8/9/2013,88.05
8/8/2013,86.7
8/7/2013,87.84
8/6/2013,87.79
8/5/2013,88.1
8/2/2013,88.85
8/1/2013,87.94
7/31/2013,88.84
7/30/2013,90.18
7/29/2013,91.07
7/26/2013,91.81
7/25/2013,91.9
7/24/2013,92.44
7/23/2013,92.18
7/22/2013,92.32
7/19/2013,92.1
7/18/2013,92.01
7/17/2013,91.71
7/16/2013,90.85
7/15/2013,89.77
7/12/2013,90.94
7/11/2013,91.43
7/10/2013,92.83
7/9/2013,92.23
7/8/2013,91.74
7/5/2013,91.5
7/4/2013,90.82
7/3/2013,92.04
7/2/2013,92.07
7/1/2013,90.61
6/28/2013,91.22
6/27/2013,90.69
6/26/2013,90.56
6/25/2013,90.4
6/24/2013,90.25
6/21/2013,89.48
6/20/2013,89.64
6/19/2013,90.43
6/18/2013,90.23
6/17/2013,90.05
6/14/2013,91.93
6/13/2013,91.07
6/12/2013,90.54
6/11/2013,93.47
6/10/2013,92.62
6/7/2013,93.06
6/6/2013,94.55
6/5/2013,96.54
6/4/2013,97.25
6/3/2013,96.19
5/31/2013,97.31
5/30/2013,97.45
5/29/2013,98.42
5/28/2013,97.24
5/27/2013,97.71
5/24/2013,99.48
5/23/2013,100.04
5/22/2013,100.48
5/21/2013,100.3
5/20/2013,100.45
5/17/2013,100.31
5/16/2013,101.21
5/15/2013,101.28
5/14/2013,101.35
5/13/2013,101.87
5/10/2013,101.52
5/9/2013,100.69
5/8/2013,100.83
5/7/2013,101.84
5/6/2013,102.15
5/3/2013,100.35
5/2/2013,100.07
5/1/2013,101.06
4/30/2013,101.18
4/29/2013,100.75
4/26/2013,102.14
4/25/2013,102.26
4/24/2013,102.06
4/23/2013,101.97
4/22/2013,102.27
4/19/2013,101.12
4/18/2013,101.03
4/17/2013,101.36
4/16/2013,99.83
4/15/2013,103.42
4/12/2013,105.11
4/11/2013,105.19
4/10/2013,103.86
4/9/2013,103.46
4/8/2013,101.29
4/5/2013,100.55
4/4/2013,97.33
4/3/2013,97.65
4/2/2013,97.16
4/1/2013,98.14
3/29/2013,98.02
3/28/2013,98.64
3/27/2013,99.03
3/26/2013,98.56
3/25/2013,98.65
3/22/2013,99.09
3/21/2013,99.66
3/20/2013,98.68
3/19/2013,99.03
3/18/2013,99.17
3/15/2013,99.81
3/14/2013,98.98
3/13/2013,99.19
3/12/2013,99
3/11/2013,98.26
3/8/2013,97.36
3/7/2013,96.26
3/6/2013,95.68
3/5/2013,95.31
3/4/2013,95.49
3/1/2013,94.54
2/28/2013,94.4
2/27/2013,94.07
2/26/2013,94.19
2/25/2013,96.41
2/22/2013,95.4
2/21/2013,95.96
2/20/2013,96.91
2/19/2013,96.86
2/18/2013,96.37
2/15/2013,96.2
2/14/2013,96.83
2/13/2013,96.34
2/12/2013,96.75
2/11/2013,95.64
2/8/2013,96.28
2/7/2013,96.64
2/6/2013,97.3
2/5/2013,96.42
2/4/2013,96.59
2/1/2013,95.61
1/31/2013,94.88
1/30/2013,95.04
1/29/2013,94.65
1/28/2013,94.77
1/25/2013,94.41
1/24/2013,93.53
1/23/2013,93.72
1/22/2013,94.25
1/21/2013,94.68
1/18/2013,94.79
1/17/2013,94.5
1/16/2013,94.5
1/15/2013,94.54
1/14/2013,93.96
1/11/2013,94.08
1/10/2013,92.39
1/9/2013,91.45
1/8/2013,92.22
1/7/2013,92.39
1/4/2013,91.31
1/3/2013,91.72
1/2/2013,89.76
1/1/2013,90.08
12/31/2012,89.09
12/28/2012,89.34
12/27/2012,88.86
12/26/2012,87.83
12/25/2012,87.98
12/24/2012,87.62
12/21/2012,88.43
12/20/2012,88.45
12/19/2012,88.71
12/18/2012,88.51
12/17/2012,88.26
12/14/2012,88.07
12/13/2012,87.88
12/12/2012,86.88
12/11/2012,86.39
12/10/2012,86.52
12/7/2012,86.4
12/6/2012,86.23
12/5/2012,85.77
12/4/2012,85.71
12/3/2012,86
11/30/2012,85.69
11/29/2012,85.99
11/28/2012,85.81
11/27/2012,85.89
11/26/2012,86.2
11/23/2012,85.68
11/22/2012,84.91
11/21/2012,84.84
11/20/2012,84.77
11/19/2012,84.05
11/16/2012,83.89
11/15/2012,83.25
11/14/2012,82.84
11/13/2012,82.89
11/12/2012,82.55
11/9/2012,82.69
11/8/2012,83.26
11/7/2012,83.85
11/6/2012,83.21
11/5/2012,83.16
11/2/2012,83.35
11/1/2012,82.77
10/31/2012,82.53
10/30/2012,82.45
10/29/2012,82.62
10/26/2012,83.08
10/25/2012,82.65
10/24/2012,81.98
10/23/2012,82.51
10/22/2012,81.96
10/19/2012,82.18
10/18/2012,81.97
10/17/2012,81.06
10/16/2012,80.65
10/15/2012,80.27
10/12/2012,80.42
10/11/2012,80.01
10/10/2012,79.86
10/9/2012,79.84
10/8/2012,80.12
10/5/2012,80.41
10/4/2012,80.2
10/3/2012,80.24
10/2/2012,80.83
10/1/2012,80.9
9/28/2012,81.02
9/27/2012,80.62
9/26/2012,80.82
9/25/2012,81.17
9/24/2012,81.75
9/21/2012,81.66
9/20/2012,82.13
9/19/2012,82.41
9/18/2012,82.47
9/17/2012,82.69
9/14/2012,81.72
9/13/2012,81.48
9/12/2012,81.14
9/11/2012,80.91
9/10/2012,81.25
9/7/2012,81.1
9/6/2012,79.9
9/5/2012,80.18
9/4/2012,80.17
9/3/2012,80.91
8/31/2012,80.89
8/30/2012,81.47
8/29/2012,81.47
8/28/2012,81.64
8/27/2012,81.84
8/24/2012,81.96
8/23/2012,82.56
8/22/2012,83.16
8/21/2012,82.95
8/20/2012,82.9
8/17/2012,83.4
8/16/2012,82.98
8/15/2012,82.59
8/14/2012,82.38
8/13/2012,82.78
8/10/2012,83.13
8/9/2012,82.93
8/8/2012,82.96
8/7/2012,82.71
8/6/2012,82.94
8/3/2012,81.84
8/2/2012,82.07
8/1/2012,82.05
7/31/2012,82.1
7/30/2012,82.24
7/27/2012,81.31
7/26/2012,80.59
7/25/2012,79.9
7/24/2012,80.42
7/23/2012,81.46
7/20/2012,81.95
7/19/2012,81.66
7/18/2012,81.56
7/17/2012,80.82
7/16/2012,80.99
7/13/2012,80.41
7/12/2012,81.76
7/11/2012,80.95
7/10/2012,81.2
7/9/2012,81.33
7/6/2012,82.22
7/5/2012,82.08
7/4/2012,82.05
7/3/2012,81.49
7/2/2012,81.7
6/29/2012,79.81
6/28/2012,80.38
6/27/2012,80.03
6/26/2012,79.75
6/25/2012,80.95
6/22/2012,80.57
6/21/2012,81.09
6/20/2012,80.44
6/19/2012,80.11
6/18/2012,79.35
6/15/2012,79.54
6/14/2012,78.97
6/13/2012,79.18
6/12/2012,78.37
6/11/2012,78.8
6/8/2012,78.8
6/7/2012,78.63
6/6/2012,76.71
6/5/2012,76.21
6/4/2012,75.68
6/1/2012,76.24
5/31/2012,76.74
5/30/2012,78.28
5/29/2012,78.3
5/28/2012,77.75
5/25/2012,77.7
5/24/2012,77.47
5/23/2012,78.44
5/22/2012,78.63
5/21/2012,77.78
5/18/2012,78.39
5/17/2012,79.63
5/16/2012,79.67
5/15/2012,79.5
5/14/2012,80.11
5/11/2012,80.58
5/10/2012,80.05
5/9/2012,80.83
5/8/2012,81.47
5/7/2012,81.27
5/4/2012,82.29
5/3/2012,82.77
5/2/2012,82.74
5/1/2012,83.25
4/30/2012,84.05
4/27/2012,84.14
4/26/2012,84.21
4/25/2012,83.88
4/24/2012,83.79
4/23/2012,84.61
4/20/2012,84.29
4/19/2012,84.17
4/18/2012,84
4/17/2012,83.27
4/16/2012,83.94
4/13/2012,84.45
4/12/2012,83.28
4/11/2012,82.7
4/10/2012,84.05
4/9/2012,84.14
4/6/2012,84.84
4/5/2012,84.68
4/4/2012,85.55
4/3/2012,85.51
4/2/2012,85.67
3/30/2012,85.61
3/29/2012,86.11
3/28/2012,86.97
3/27/2012,87.25
3/26/2012,86.19
3/23/2012,85.75
3/22/2012,87.22
3/21/2012,87.74
3/20/2012,88.42
3/19/2012,88.35
3/16/2012,87.96
3/15/2012,87.54
3/14/2012,87.53
3/13/2012,86.49
3/12/2012,87.23
3/9/2012,86.82
3/8/2012,85.81
3/7/2012,85.37
3/6/2012,87.03
3/5/2012,87.8
3/2/2012,87.66
3/1/2012,87.08
2/29/2012,86.65
2/28/2012,86.71
2/27/2012,86.84
2/24/2012,85.73
2/23/2012,85.41
2/22/2012,85.01
2/21/2012,85.67
2/20/2012,85.18
2/17/2012,84.9
2/16/2012,83.9
2/15/2012,83.86
2/14/2012,83.24
2/13/2012,82.83
2/10/2012,83.77
2/9/2012,83.19
2/8/2012,82.97
2/7/2012,82.09
2/6/2012,82.5
2/3/2012,81.67
2/2/2012,81.58
2/1/2012,81
1/31/2012,80.91
1/30/2012,81.73
1/27/2012,82.34
1/26/2012,82.43
1/25/2012,81.5
1/24/2012,81.07
1/23/2012,80.76
1/20/2012,80.34
1/19/2012,80.17
1/18/2012,79.72
1/17/2012,79.2
1/16/2012,79.49
1/13/2012,79.31
1/12/2012,79.24
1/11/2012,79.25
1/10/2012,78.68
1/9/2012,78.71
1/6/2012,79.14
1/5/2012,79.56
1/4/2012,79.63
1/3/2012,78.68
1/2/2012,78.54
12/30/2011,78.69
12/29/2011,78.69
12/28/2011,79.11
12/27/2011,79.29
12/26/2011,79.24
12/23/2011,79.19
12/22/2011,78.81
12/21/2011,78.52
12/20/2011,77.23
12/19/2011,77.63
12/16/2011,77.23
12/15/2011,77.36
12/14/2011,78.13
12/13/2011,78.49
12/12/2011,79.31
12/9/2011,78.93
12/8/2011,79.97
12/7/2011,79.65
12/6/2011,79.92
12/5/2011,79.6
12/2/2011,79.59
12/1/2011,79.8
11/30/2011,77.93
11/29/2011,77.21
11/28/2011,75.49
11/25/2011,75.08
11/24/2011,74.91
11/23/2011,75.73
11/22/2011,75.66
11/21/2011,76.97
11/18/2011,76.98
11/17/2011,77.68
11/16/2011,78.4
11/15/2011,78.66
11/14/2011,79.26
11/11/2011,78.84
11/10/2011,78.93
11/9/2011,80.77
11/8/2011,81
11/7/2011,81.15
11/4/2011,81.31
11/3/2011,80.74
11/2/2011,80.95
11/1/2011,82.33
10/31/2011,81.14
10/28/2011,81.48
10/27/2011,79.2
10/26/2011,79.35
10/25/2011,79.71
10/24/2011,79.13
10/21/2011,78.59
10/20/2011,78.53
10/19/2011,78.83
10/18/2011,78.02
10/17/2011,79.83
10/14/2011,78.36
10/13/2011,78.48
10/12/2011,76.29
10/11/2011,76.59
10/10/2011,74.95
10/7/2011,74.78
10/6/2011,74.18
10/5/2011,73.52
10/4/2011,73
10/3/2011,74.42
9/30/2011,75.16
9/29/2011,74.95
9/28/2011,76.14
9/27/2011,75.09
9/26/2011,74.9
9/23/2011,74.26
9/22/2011,76.75
9/21/2011,78.57
9/20/2011,78.29
9/19/2011,79.56
9/16/2011,79.21
9/15/2011,78.78
9/14/2011,79.34
9/13/2011,79.87
9/12/2011,81.23
9/9/2011,81.97
9/8/2011,82.35
9/7/2011,81.42
9/6/2011,81.13
9/5/2011,81.75
9/2/2011,82.47
9/1/2011,82.06
8/31/2011,81.98
8/30/2011,81.87
8/29/2011,81.06
8/26/2011,80.8
8/25/2011,80.62
8/24/2011,80.68
8/23/2011,79.93
8/22/2011,79.66
8/19/2011,79.56
8/18/2011,80.82
8/17/2011,80.54
8/16/2011,80.73
8/15/2011,79.45
8/12/2011,79.55
8/11/2011,78.24
8/10/2011,79.69
8/9/2011,79.22
8/8/2011,81.94
8/5/2011,82.54
8/4/2011,82.9
8/3/2011,83.16
8/2/2011,84.71
8/1/2011,84.38
7/29/2011,85.49
7/28/2011,85.93
7/27/2011,85.35
7/26/2011,84.9
7/25/2011,85.23
7/22/2011,84.89
7/21/2011,84.68
7/20/2011,84.97
7/19/2011,83.85
7/18/2011,84.78
7/15/2011,84.86
7/14/2011,84.99
7/13/2011,86.49
7/12/2011,86.49
7/11/2011,86.76
7/8/2011,87.56
7/7/2011,86.59
7/6/2011,86.67
7/5/2011,86.72
7/4/2011,87.06
7/1/2011,86.38
6/30/2011,86.3
6/29/2011,85.5
6/28/2011,84.48
6/27/2011,84.37
6/24/2011,84.73
6/23/2011,84.91
6/22/2011,85.06
6/21/2011,84.92
6/20/2011,85.03
6/17/2011,85.15
6/16/2011,85.8
6/15/2011,86.01
6/14/2011,85.07
6/13/2011,84.65
6/10/2011,85.4
6/9/2011,84.85
6/8/2011,85.87
6/7/2011,85.82
6/6/2011,86.02
6/3/2011,86.3
6/2/2011,85.91
6/1/2011,87.01
5/31/2011,86.53
5/30/2011,86.51
5/27/2011,86.53
5/26/2011,86.33
5/25/2011,86.54
5/24/2011,86.14
5/23/2011,87.12
5/20/2011,87.08
5/19/2011,86.85
5/18/2011,86.52
5/17/2011,85.29
5/16/2011,85.41
5/13/2011,86.42
5/12/2011,86.72
5/11/2011,87.64
5/10/2011,86.84
5/9/2011,86.3
5/6/2011,84.71
5/5/2011,86.62
5/4/2011,87.77
5/3/2011,88.86
5/2/2011,89.05
4/29/2011,89.05
4/28/2011,89.29
4/27/2011,87.96
4/26/2011,87.72
4/25/2011,87.9
4/22/2011,87.97
4/21/2011,88.45
4/20/2011,86.93
4/19/2011,86.87
4/18/2011,87.85
4/15/2011,88.05
4/14/2011,88.09
4/13/2011,87.23
4/12/2011,88.78
4/11/2011,89.54
4/8/2011,88.92
4/7/2011,89.26
4/6/2011,87.65
4/5/2011,87.11
4/4/2011,87.31
4/1/2011,85.85
3/31/2011,85.62
3/30/2011,84.87
3/29/2011,83.69
3/28/2011,83.45
3/25/2011,82.68
3/24/2011,81.97
3/23/2011,81.8
3/22/2011,81.54
3/21/2011,80.27
3/18/2011,77.34
3/17/2011,78.31
3/16/2011,79.99
3/15/2011,82.41
3/14/2011,82.98
3/11/2011,83.04
3/10/2011,83.63
3/9/2011,83.49
3/8/2011,83.23
3/7/2011,83.45
3/4/2011,83.65
3/3/2011,83.25
3/2/2011,82.96
3/1/2011,83.3
2/28/2011,83.13
2/25/2011,82.61
2/24/2011,82.7
2/23/2011,82.68
2/22/2011,83.93
2/21/2011,84.39
2/18/2011,84.31
2/17/2011,83.96
2/16/2011,83.46
2/15/2011,83.57
2/14/2011,83.6
2/11/2011,83.58
2/10/2011,83.36
2/9/2011,83.56
2/8/2011,83.45
2/7/2011,83.35
2/4/2011,82.89
2/3/2011,82.38
2/2/2011,81.88
2/1/2011,81.82
1/31/2011,81.63
1/28/2011,82.25
1/27/2011,82.11
1/26/2011,81.99
1/25/2011,82.3
1/24/2011,81.72
1/21/2011,81.93
1/20/2011,82.09
1/19/2011,82.52
1/18/2011,82.15
1/17/2011,81.94
1/14/2011,82.61
1/13/2011,82.72
1/12/2011,82.17
1/11/2011,82.34
1/10/2011,82.76
1/7/2011,82.87
1/6/2011,83.22
1/5/2011,82.48
1/4/2011,83.11
1/3/2011,83.03
12/31/2010,82.93
12/30/2010,83.05
12/29/2010,83.23
12/28/2010,83.19
12/27/2010,83.28
12/24/2010,83.26
12/23/2010,83.45
12/22/2010,83.57
12/21/2010,83.02
12/20/2010,83
12/17/2010,83.1
12/16/2010,83.15
12/15/2010,83.58
12/14/2010,83.08
12/13/2010,82.72
12/10/2010,82.39
12/9/2010,82.32
12/8/2010,82.06
12/7/2010,81.84
12/6/2010,82.01
12/3/2010,81.89
12/2/2010,81.54
12/1/2010,80.23
11/30/2010,81.15
11/29/2010,81.1
11/26/2010,82
11/25/2010,82
11/24/2010,80.83
11/23/2010,82.37
11/22/2010,82.41
11/19/2010,82.68
11/18/2010,81.5
11/17/2010,81.36
11/16/2010,81.86
11/15/2010,81.27
11/12/2010,82.33
11/11/2010,82.71
11/10/2010,81.98
11/9/2010,82.29
11/8/2010,82.56
11/5/2010,81.95
11/4/2010,81.58
11/3/2010,80.59
11/2/2010,79.26
11/1/2010,79.09
10/29/2010,79.32
10/28/2010,79.47
10/27/2010,80.24
10/26/2010,80.04
10/25/2010,79.95
10/22/2010,79.48
10/21/2010,80.05
10/20/2010,79.02
10/19/2010,80.38
10/18/2010,80.71
10/15/2010,81.02
10/14/2010,81.03
10/13/2010,80.6
10/12/2010,80.74
10/11/2010,80.69
10/8/2010,80.95
10/7/2010,81.05
10/6/2010,80.87
10/5/2010,80.72
10/4/2010,80.91
10/1/2010,81.98
9/30/2010,81.98
9/29/2010,81.98
9/28/2010,81.98
9/27/2010,81.98
9/24/2010,81.98
9/23/2010,81.98
9/22/2010,81.98
9/21/2010,81.98
9/20/2010,81.98
9/17/2010,81.98
9/16/2010,81.98
9/15/2010,81.98
9/14/2010,81.98
9/13/2010,81.98
9/10/2010,81.98
9/9/2010,81.98
9/8/2010,81.98
9/7/2010,81.98
9/6/2010,81.98
9/3/2010,81.98
9/2/2010,81.98
9/1/2010,81.98
8/31/2010,81.98
8/30/2010,81.98
8/27/2010,81.98
8/26/2010,81.98
8/25/2010,81.98
8/24/2010,81.98
8/23/2010,81.98
8/20/2010,81.98
8/19/2010,81.98
8/18/2010,81.98
8/17/2010,81.98
8/16/2010,81.98
8/13/2010,81.98
8/12/2010,81.98
8/11/2010,81.98
8/10/2010,81.98
8/9/2010,81.98
8/6/2010,81.98
8/5/2010,81.98
8/4/2010,81.98
8/3/2010,81.98
8/2/2010,81.98
7/30/2010,81.98
7/29/2010,81.98
7/28/2010,81.98
7/27/2010,81.98
7/26/2010,81.98
7/23/2010,81.98
7/22/2010,81.98
7/21/2010,81.98
7/20/2010,81.98
7/19/2010,81.98
7/16/2010,81.98
7/15/2010,81.98
7/14/2010,81.98
7/13/2010,81.98
7/12/2010,81.98
7/9/2010,81.98
7/8/2010,81.98
7/7/2010,81.98
7/6/2010,81.98
7/5/2010,81.98
7/2/2010,81.98
7/1/2010,81.98
6/30/2010,81.98
6/29/2010,81.98
6/28/2010,81.98
6/25/2010,81.98
6/24/2010,81.98
6/23/2010,81.98
6/22/2010,81.98
6/21/2010,81.98
6/18/2010,81.98
6/17/2010,81.98
6/16/2010,81.98
6/15/2010,81.98
6/14/2010,81.98
6/11/2010,81.98
6/10/2010,81.98
6/9/2010,81.98
6/8/2010,81.98
6/7/2010,81.98
6/4/2010,81.98
6/3/2010,81.98
6/2/2010,81.98
6/1/2010,81.98
5/31/2010,81.98
5/28/2010,81.98
5/27/2010,81.98
5/26/2010,81.98
5/25/2010,81.98
5/24/2010,81.98
5/21/2010,81.98
5/20/2010,81.98
5/19/2010,81.98
5/18/2010,81.98
5/17/2010,81.93
5/14/2010,81.35
5/13/2010,81.35
5/12/2010,81.35
5/11/2010,81.35
5/10/2010,81.34
5/7/2010,80.99
5/6/2010,85.01
5/5/2010,85.91
5/4/2010,87.54
5/3/2010,86.72
4/30/2010,87.22
4/29/2010,86.97
4/28/2010,85.37
4/27/2010,87.1
4/26/2010,87.18
4/23/2010,86.7
4/22/2010,86.36
4/21/2010,86.86
4/20/2010,85.38
4/19/2010,85.17
4/16/2010,86.93
4/15/2010,87.18
4/14/2010,86.59
4/13/2010,86.48
4/12/2010,86.99
4/9/2010,86.73
4/8/2010,86.52
4/7/2010,86.25
4/6/2010,86.34
4/5/2010,86.34
4/2/2010,86.4
4/1/2010,85.72
3/31/2010,85.33
3/30/2010,84.85
3/29/2010,83.64
3/26/2010,84.13
3/25/2010,83.74
3/24/2010,83.05
3/23/2010,82.79
3/22/2010,82.87
3/19/2010,83.21
3/18/2010,83.42
3/17/2010,82.95
3/16/2010,82.81
3/15/2010,82.94
3/12/2010,82.83
3/11/2010,82.87
3/10/2010,82.23
3/9/2010,82.11
3/8/2010,81.94
3/5/2010,81.8
3/4/2010,81.8
3/3/2010,81.8
3/2/2010,81.8
3/1/2010,81.8
2/26/2010,81.8
2/25/2010,81.8
2/24/2010,81.8
2/23/2010,82.07
2/22/2010,82.25
2/19/2010,82.09
2/18/2010,82.06
2/17/2010,81.32
2/16/2010,81.1
2/15/2010,81.1
2/12/2010,81.1
2/11/2010,81.1
2/10/2010,81.1
2/9/2010,81.1
2/8/2010,81.1
2/5/2010,81.1
2/4/2010,81.1
2/3/2010,81.1
2/2/2010,80.76
2/1/2010,79.78
1/29/2010,80.44
1/28/2010,80.58
1/27/2010,80.55
1/26/2010,80.92
1/25/2010,80.91
1/22/2010,81.39
1/21/2010,83.03
1/20/2010,84.15
1/19/2010,84.08
1/18/2010,83.75
1/15/2010,84.98
1/14/2010,84.44
1/13/2010,83.69
1/12/2010,85.7
1/11/2010,85.67
1/8/2010,85.64
1/7/2010,84.93
1/6/2010,83.61
1/5/2010,84.42
1/4/2010,83.54
1/1/2010,83.49
12/31/2009,82.68
12/30/2009,82.31
12/29/2009,81.27
12/28/2009,80.62
12/25/2009,80.83
12/24/2009,80.63
12/23/2009,80.43
12/22/2009,80.31
12/21/2009,80.54
12/18/2009,79.77
12/17/2009,80.87
12/16/2009,81.41
12/15/2009,81.25
12/14/2009,81.37
12/11/2009,80.89
12/10/2009,79.85
12/9/2009,79.93
12/8/2009,81.7
12/7/2009,82.82
12/4/2009,81.54
12/3/2009,80.8
12/2/2009,80.19
12/1/2009,79.16
11/30/2009,78.39
11/27/2009,79.11
11/26/2009,81.42
11/25/2009,81.38
11/24/2009,82.19
11/23/2009,81.28
11/20/2009,81.76
11/19/2009,83.03
11/18/2009,83.06
11/17/2009,83.46
11/16/2009,83.65
11/13/2009,83.45
11/12/2009,83.53
11/11/2009,83.59
11/10/2009,83.63
11/9/2009,82.6
11/6/2009,82.58
11/5/2009,82.6
11/4/2009,81.52
11/3/2009,81.55
11/2/2009,81.02
10/30/2009,83.64
10/29/2009,81.4
10/28/2009,84.52
10/27/2009,84.46
10/26/2009,84.93
10/23/2009,84.63
10/22/2009,84.54
10/21/2009,83.88
10/20/2009,84.15
10/19/2009,83.32
10/16/2009,83.36
10/15/2009,81.85
10/14/2009,81.53
10/13/2009,81.5
10/12/2009,81.12
10/9/2009,80.1
10/8/2009,78.98
10/7/2009,79.09
10/6/2009,78.6
10/5/2009,77.7
10/2/2009,77.93
10/1/2009,79.2
9/30/2009,78.4
9/29/2009,78.2
9/28/2009,77.81
9/25/2009,78.95
9/24/2009,79.38
9/23/2009,79.57
9/22/2009,79.32
9/21/2009,79.21
9/18/2009,79.47
9/17/2009,79.42
9/16/2009,78.63
9/15/2009,78.41
9/14/2009,78.31
9/11/2009,79.26
9/10/2009,79.38
9/9/2009,79.55
9/8/2009,79.63
9/7/2009,79.11
9/4/2009,77.83
9/3/2009,76.88
9/2/2009,76.78
9/1/2009,78.57
8/31/2009,78.72
8/28/2009,78.51
8/27/2009,78.1
8/26/2009,78.7
8/25/2009,79.33
8/24/2009,78.8
8/21/2009,78.31
8/20/2009,77.97
8/19/2009,78.28
8/18/2009,77.55
8/17/2009,79.05
8/14/2009,80.49
8/13/2009,80.09
8/12/2009,79.59
8/11/2009,81.36
8/10/2009,81.72
8/7/2009,80.1
8/6/2009,79.84
8/5/2009,80.41
8/4/2009,80.23
8/3/2009,79.13
7/31/2009,78.9
7/30/2009,77.66
7/29/2009,78.17
7/28/2009,78.3
7/27/2009,77.5
7/24/2009,77.13
7/23/2009,76.39
7/22/2009,76.7
7/21/2009,76.92
7/20/2009,75.56
7/17/2009,75.75
7/16/2009,75.68
7/15/2009,74.15
7/14/2009,72.76
7/13/2009,72.1
7/10/2009,72.8
7/9/2009,72.3
7/8/2009,74.89
7/7/2009,76.06
7/6/2009,76.53
7/3/2009,76.15
7/2/2009,78.15
7/1/2009,77.72
6/30/2009,77.65
6/29/2009,76.94
6/26/2009,77.01
6/25/2009,76.22
6/24/2009,75.6
6/23/2009,75.33
6/22/2009,77.61
6/19/2009,77.07
6/18/2009,76.06
6/17/2009,76.47
6/16/2009,77.8
6/15/2009,79.95
6/12/2009,79.98
6/11/2009,78.75
6/10/2009,78.02
6/9/2009,77.73
6/8/2009,78.26
6/5/2009,77.43
6/4/2009,76.87
6/3/2009,78.62
6/2/2009,78.26
6/1/2009,76.38
5/29/2009,75.92
5/28/2009,73.95
5/27/2009,74.71
5/26/2009,74.18
5/25/2009,74.18
5/22/2009,73.5
5/21/2009,73.56
5/20/2009,74.36
5/19/2009,73.75
5/18/2009,73.25
5/15/2009,73.25
5/14/2009,73.25
5/13/2009,73.25
5/12/2009,73.96
5/11/2009,73.17
5/8/2009,73.17
5/7/2009,73.17
5/6/2009,73.37
5/5/2009,73.11
5/4/2009,72.69
5/1/2009,71.55
4/30/2009,70.99
4/29/2009,68.11
4/28/2009,68.7
4/27/2009,70.24
4/24/2009,70.03
4/23/2009,69.14
4/22/2009,70.24
4/21/2009,68.2
4/20/2009,71.59
4/17/2009,71.55
4/16/2009,72.42
4/15/2009,71.64
4/14/2009,73.22
4/13/2009,72.14
4/10/2009,72.22
4/9/2009,70.84
4/8/2009,71.39
4/7/2009,72.11
4/6/2009,71.77
4/3/2009,71.19
4/2/2009,68.89
4/1/2009,68.42
3/31/2009,66.28
3/30/2009,67.92
3/27/2009,69.25
3/26/2009,68.06
3/25/2009,68.08
3/24/2009,68.36
3/23/2009,65.91
3/20/2009,64.78
3/19/2009,65.08
3/18/2009,65.25
3/17/2009,64.72
3/16/2009,64.49
3/13/2009,63.98
3/12/2009,63.44
3/11/2009,63.72
3/10/2009,62.44
3/9/2009,62.92
3/6/2009,62.59
3/5/2009,64.4
3/4/2009,62.59
3/3/2009,61.38
3/2/2009,62.34
2/27/2009,63.76
2/26/2009,63.01
2/25/2009,62.36
2/24/2009,60.71
2/23/2009,60.22
2/20/2009,60.63
2/19/2009,59.75
2/18/2009,58.67
2/17/2009,59.66
2/16/2009,60.34
2/13/2009,59.33
2/12/2009,59.32
2/11/2009,59.24
2/10/2009,62.05
2/9/2009,62.07
2/6/2009,59.52
2/5/2009,57.54
2/4/2009,58.26
2/3/2009,56.48
2/2/2009,57.34
1/30/2009,58.7
1/29/2009,60.15
1/28/2009,58.83
1/27/2009,58.77
1/26/2009,58.04
1/23/2009,58.27
1/22/2009,59.22
1/21/2009,58.41
1/20/2009,60.42
1/19/2009,61.03
1/16/2009,59.55
1/15/2009,58.86
1/14/2009,59.4
1/13/2009,60.82
1/12/2009,63.59
1/9/2009,64.94
1/8/2009,66.02
1/7/2009,67.73
1/6/2009,66.97
1/5/2009,65.34
1/2/2009,64.02
1/1/2009,63.99
12/31/2008,62.42
12/30/2008,62.09
12/29/2008,62.13
12/26/2008,61.81
12/25/2008,61.8
12/24/2008,61.9
12/23/2008,61.68
12/22/2008,60.81
12/19/2008,61.43
12/18/2008,61.41
12/17/2008,61.83
12/16/2008,60.62
12/15/2008,60.52
12/12/2008,61.41
12/11/2008,60.88
12/10/2008,60.69
12/9/2008,61.67
12/8/2008,60.06
12/5/2008,59.43
12/4/2008,60.55
12/3/2008,59.88
12/2/2008,59.66
12/1/2008,62.62
11/28/2008,62.58
11/27/2008,62.37
11/26/2008,61.83
11/25/2008,63.66
11/24/2008,60.53
11/21/2008,57.25
11/20/2008,61
11/19/2008,63.3
11/18/2008,62.57
11/17/2008,63.38
11/14/2008,65.08
11/13/2008,60.85
11/12/2008,64.17
11/11/2008,65.63
11/10/2008,66.22
11/7/2008,65.06
11/6/2008,66.72
11/5/2008,69.69
11/4/2008,67.05
11/3/2008,65.74
10/31/2008,67.27
10/30/2008,65.06
10/29/2008,62.86
10/28/2008,55.8
10/27/2008,58.79
10/24/2008,65.17
10/23/2008,65.72
10/22/2008,67.21
10/21/2008,71.77
10/20/2008,70
10/17/2008,70.18
10/16/2008,66.13
10/15/2008,71.14
10/14/2008,71.28
10/13/2008,64.72
10/10/2008,68.28
10/9/2008,65.86
10/8/2008,71.64
10/7/2008,73.53
10/6/2008,81.56
10/3/2008,81.36
10/2/2008,83.25
10/1/2008,84.09
9/30/2008,83.82
9/29/2008,88.14
9/26/2008,89
9/25/2008,88.53
9/24/2008,87.93
9/23/2008,89.06
9/22/2008,89.5
9/19/2008,84.85
9/18/2008,82.75
9/17/2008,84.56
9/16/2008,84.41
9/15/2008,88.88
9/12/2008,86.5
9/11/2008,86.31
9/10/2008,85.7
9/9/2008,88.39
9/8/2008,87.89
9/5/2008,88.11
9/4/2008,90.55
9/3/2008,91.03
9/2/2008,91.97
9/1/2008,93.56
8/29/2008,94.44
8/28/2008,94.03
8/27/2008,93.81
8/26/2008,94.31
8/25/2008,95.33
8/22/2008,95.51
8/21/2008,95.98
8/20/2008,95.65
8/19/2008,95.61
8/18/2008,95.72
8/15/2008,95.72
8/14/2008,95.78
8/13/2008,95.44
8/12/2008,97.28
8/11/2008,98.03
8/8/2008,99.22
8/7/2008,99.72
8/6/2008,99.27
8/5/2008,100.63
8/4/2008,100.06
8/1/2008,101.61
7/31/2008,101.95
7/30/2008,103
7/29/2008,102.82
7/28/2008,103.11
7/25/2008,102.88
7/24/2008,103.8
7/23/2008,104.25
7/22/2008,104
7/21/2008,103.77
7/18/2008,103.33
7/17/2008,102.48
7/16/2008,102.55
7/15/2008,103.14
7/14/2008,102.75
7/11/2008,103
7/10/2008,102.19
7/9/2008,102.51
7/8/2008,102.5
7/7/2008,102.89
7/4/2008,102.49
7/3/2008,101.86
7/2/2008,101.35
7/1/2008,101.82
6/30/2008,101.98
6/27/2008,102.09
6/26/2008,103.5
6/25/2008,103.02
6/24/2008,102.72
6/23/2008,102.31
6/20/2008,102.72
6/19/2008,102.17
6/18/2008,101.86
6/17/2008,101.78
6/16/2008,101.28
6/13/2008,100.86
6/12/2008,101.31
6/11/2008,101.64
6/10/2008,101.03
6/9/2008,101.06
6/6/2008,101.61
6/5/2008,100.7
6/4/2008,100.09
6/3/2008,99.75
6/2/2008,100.81
5/30/2008,100.8
5/29/2008,100.8
5/28/2008,99.91
5/27/2008,99.39
5/26/2008,99.17
5/23/2008,99.47
5/22/2008,99.19
5/21/2008,99.4
5/20/2008,99.47
5/19/2008,99.43
5/16/2008,98.51
5/15/2008,98.14
5/14/2008,98.5
5/13/2008,98.33
5/12/2008,97.02
5/9/2008,97.89
5/8/2008,98.66
5/7/2008,99.5
5/6/2008,99.26
5/5/2008,98.49
5/2/2008,97.45
5/1/2008,98.05
4/30/2008,97.13
4/29/2008,97.82
4/28/2008,97.45
4/25/2008,97.94
4/24/2008,98.11
4/23/2008,97.33
4/22/2008,97.38
4/21/2008,96.89
4/18/2008,96.11
4/17/2008,95.7
4/16/2008,94.36
4/15/2008,93.69
4/14/2008,93.73
4/11/2008,95.02
4/10/2008,94.52
4/9/2008,95.66
4/8/2008,94.8
4/7/2008,93.65
4/4/2008,93.69
4/3/2008,93.6
4/2/2008,92.42
4/1/2008,91.04
3/31/2008,91.03
3/28/2008,91.53
3/27/2008,91.25
3/26/2008,91.77
3/25/2008,91.29
3/24/2008,89.48
3/21/2008,89.48
3/20/2008,90.56
3/19/2008,92.44
3/18/2008,89.7
3/17/2008,92.8
3/14/2008,95.3
3/13/2008,95.02
3/12/2008,96.03
3/11/2008,93.25
3/10/2008,95.4
3/7/2008,95.13
3/6/2008,97.2
3/5/2008,95.89
3/4/2008,97.23
3/3/2008,96.8
2/29/2008,100
2/28/2008,100.28
2/27/2008,100.18
2/26/2008,100.18
2/25/2008,99.08
2/22/2008,98.68
2/21/2008,99.28
2/20/2008,99.04
2/19/2008,98.88
2/18/2008,97.92
2/15/2008,97.31
2/14/2008,97.09
2/13/2008,96.92
2/12/2008,96.61
2/11/2008,96.16
2/8/2008,96.17
2/7/2008,95.45
2/6/2008,95.84
2/5/2008,96.89
2/4/2008,96.37
2/1/2008,95.36
1/31/2008,94.89
1/30/2008,95.25
1/29/2008,95.04
1/28/2008,94.05
1/25/2008,94.52
1/24/2008,93.17
1/23/2008,92.44
1/22/2008,91.28
1/21/2008,93.86
1/18/2008,93.4
1/17/2008,94.69
1/16/2008,94.05
1/15/2008,97.31
1/14/2008,96.98
1/11/2008,97.91
1/10/2008,97.16
1/9/2008,95.69
1/8/2008,95.29
1/7/2008,94.39
1/4/2008,96.24
1/3/2008,96.88
1/2/2008,97.78
1/1/2008,97.64
12/31/2007,98.38
12/28/2007,99.82
12/27/2007,99.95
12/26/2007,99.43
12/25/2007,99.59
12/24/2007,98.87
12/21/2007,97.17
12/20/2007,97.42
12/19/2007,97.56
12/18/2007,96.83
12/17/2007,97.49
12/14/2007,98.32
12/13/2007,99.11
12/12/2007,96.65
12/11/2007,98.83
12/10/2007,97.83
12/7/2007,97.84
12/6/2007,96.47
12/5/2007,96
12/4/2007,97.29
12/3/2007,98.36
11/30/2007,96.89
11/29/2007,97.9
11/28/2007,95.6
11/27/2007,93.47
11/26/2007,95.08
11/23/2007,94.5
11/22/2007,94.39
11/21/2007,98.14
11/20/2007,97.05
11/19/2007,99.16
11/16/2007,97.69
11/15/2007,99.64
11/14/2007,99.33
11/13/2007,95.83
11/12/2007,100.88
11/9/2007,104.37
11/8/2007,104.53
11/7/2007,106.54
11/6/2007,105.45
11/5/2007,106.02
11/2/2007,104.63
11/1/2007,107.82
10/31/2007,105.33
10/30/2007,105.66
10/29/2007,104.89
10/26/2007,103.78
10/25/2007,103.17
10/24/2007,103.13
10/23/2007,101.53
10/22/2007,101.97
10/19/2007,103.64
10/18/2007,104
10/17/2007,103.86
10/16/2007,105.52
10/15/2007,106.39
10/12/2007,105.63
10/11/2007,105.31
10/10/2007,105.5
10/9/2007,104.91
10/8/2007,105
10/5/2007,103.4
10/4/2007,103.11
10/3/2007,102.28
10/2/2007,103.53
10/1/2007,101.93
9/28/2007,101.73
9/27/2007,101.27
9/26/2007,100.24
9/25/2007,99.69
9/24/2007,100.06
9/21/2007,98.92
9/20/2007,99.39
9/19/2007,98.97
9/18/2007,95.97
9/17/2007,97.16
9/14/2007,96.49
9/13/2007,96.11
9/12/2007,95.39
9/11/2007,93.89
9/10/2007,93.8
9/7/2007,95.67
9/6/2007,94.67
9/5/2007,95.91
9/4/2007,95.44
9/3/2007,94.77
8/31/2007,94.49
8/30/2007,95.44
8/29/2007,93.22
8/28/2007,95.97
8/27/2007,96.3
8/24/2007,95.39
8/23/2007,93.02
8/22/2007,91.74
8/21/2007,92.62
8/20/2007,91.15
8/17/2007,90.11
8/16/2007,95.61
8/15/2007,98.11
8/14/2007,99.58
8/13/2007,99.43
8/10/2007,100.39
8/9/2007,103.22
8/8/2007,101.58
8/7/2007,102.06
8/6/2007,101.53
8/3/2007,102.33
8/2/2007,101.79
8/1/2007,101
7/31/2007,101.95
7/30/2007,101.03
7/27/2007,103.39
7/26/2007,106.47
7/25/2007,106.06
7/24/2007,106.97
7/23/2007,106.74
7/20/2007,107.37
7/19/2007,107.06
7/18/2007,106.75
7/17/2007,106.26
7/16/2007,106.2
7/13/2007,106.03
7/12/2007,105.67
7/11/2007,104.94
7/10/2007,106.1
7/9/2007,105.84
7/6/2007,105.23
7/5/2007,105.22
7/4/2007,104.63
7/3/2007,105.13
7/2/2007,104.63
6/29/2007,104.26
6/28/2007,103
6/27/2007,104.23
6/26/2007,104.79
6/25/2007,104.98
6/22/2007,104.85
6/21/2007,104.33
6/20/2007,104.45
6/19/2007,104.22
6/18/2007,103.92
6/15/2007,102.73
6/14/2007,103.15
6/13/2007,102.27
6/12/2007,102.7
6/11/2007,102.84
6/8/2007,101.67
6/7/2007,101.81
6/6/2007,101.66
6/5/2007,101.6
6/4/2007,101.58
6/1/2007,100.76
5/31/2007,100.19
5/30/2007,99.61
5/29/2007,99.76
5/28/2007,99.6
5/25/2007,99.37
5/24/2007,100.22
5/23/2007,99.58
5/22/2007,99.83
5/21/2007,99.71
5/18/2007,99.92
5/17/2007,99.59
5/16/2007,100.28
5/15/2007,100.16
5/14/2007,99.94
5/11/2007,99.14
5/10/2007,99.41
5/9/2007,99.52
5/8/2007,99.05
5/7/2007,98.74
5/4/2007,99.11
5/3/2007,99.11
5/2/2007,99.15
5/1/2007,99.22
4/30/2007,99.25
4/27/2007,98.81
4/26/2007,98.97
4/25/2007,98.14
4/24/2007,98.72
4/23/2007,99.42
4/20/2007,99
4/19/2007,99.48
4/18/2007,99.53
4/17/2007,99.72
4/16/2007,99.38
4/13/2007,98.77
4/12/2007,98.42
4/11/2007,98.39
4/10/2007,97.44
4/9/2007,97.2
4/6/2007,97.21
4/5/2007,97.15
4/4/2007,96.74
4/3/2007,96.26
4/2/2007,95.3
3/30/2007,95.2
3/29/2007,94.11
3/28/2007,95.23
3/27/2007,95.68
3/26/2007,95.07
3/23/2007,95.27
3/22/2007,94.97
3/21/2007,94.22
3/20/2007,93.98
3/19/2007,92.91
3/16/2007,92.86
3/15/2007,92.1
3/14/2007,90.88
3/13/2007,92.53
3/12/2007,92.28
3/9/2007,91.07
3/8/2007,90.19
3/7/2007,90.36
3/6/2007,89.01
3/5/2007,91.37
3/2/2007,92.28
3/1/2007,93.4
2/28/2007,92.89
2/27/2007,95.75
2/26/2007,95.83
2/23/2007,95.94
2/22/2007,95.75
2/21/2007,94.39
2/20/2007,94.03
2/19/2007,93.97
2/16/2007,93.55
2/15/2007,94.69
2/14/2007,94.46
2/13/2007,94.09
2/12/2007,94.48
2/9/2007,94.58
2/8/2007,93.97
2/7/2007,93.37
2/6/2007,93.33
2/5/2007,93.77
2/2/2007,93.52
2/1/2007,93.73
1/31/2007,93.95
1/30/2007,94.03
1/29/2007,94.01
1/26/2007,93.75
1/25/2007,94.69
1/24/2007,96.4
1/23/2007,95.81
1/22/2007,95.78
1/19/2007,95.69
1/18/2007,94.88
1/17/2007,94.46
1/16/2007,94.39
1/15/2007,94.11
1/12/2007,94.1
1/11/2007,93.01
1/10/2007,93.19
1/9/2007,92.66
1/8/2007,92.41
1/5/2007,93.34
1/4/2007,94.45
1/3/2007,94.61
1/2/2007,93.96
1/1/2007,93.88
12/29/2006,94.07
12/28/2006,93.22
12/27/2006,93.09
12/26/2006,93.04
12/25/2006,93.14
12/22/2006,92.81
12/21/2006,93.08
12/20/2006,92.62
12/19/2006,92.16
12/18/2006,92.36
12/15/2006,92.25
12/14/2006,92.34
12/13/2006,91.89
12/12/2006,91.8
12/11/2006,91.39
12/8/2006,90.94
12/7/2006,90.42
12/6/2006,90.36
12/5/2006,91
12/4/2006,91.06
12/1/2006,91.36
11/30/2006,91.17
11/29/2006,91.03
11/28/2006,90.33
11/27/2006,90.19
11/24/2006,89.92
11/23/2006,90.52
11/22/2006,90.97
11/21/2006,90.93
11/20/2006,90.56
11/17/2006,90.59
11/16/2006,90.3
11/15/2006,90.04
11/14/2006,90.03
11/13/2006,90.21
11/10/2006,90.54
11/9/2006,90.81
11/8/2006,91.08
11/7/2006,91.26
11/6/2006,90.84
11/3/2006,90.61
11/2/2006,90.7
11/1/2006,90.48
10/31/2006,90.39
10/30/2006,90.44
10/27/2006,90.49
10/26/2006,90.68
10/25/2006,90.52
10/24/2006,90.34
10/23/2006,90.09
10/20/2006,89.72
10/19/2006,89.78
10/18/2006,89.48
10/17/2006,89.74
10/16/2006,89.87
10/13/2006,89.64
10/12/2006,88.9
10/11/2006,89.09
10/10/2006,88.66
10/9/2006,88.27
10/6/2006,87.84
10/5/2006,87.98
10/4/2006,87.66
10/3/2006,88.09
10/2/2006,88.17
9/29/2006,88.17
9/28/2006,88.22
9/27/2006,88.06
9/26/2006,87.85
9/25/2006,87.42
9/22/2006,88.14
9/21/2006,88.36
9/20/2006,88.57
9/19/2006,89.04
9/18/2006,88.51
9/15/2006,88.76
9/14/2006,88.58
9/13/2006,88.57
9/12/2006,88.38
9/11/2006,88.18
9/8/2006,88.3
9/7/2006,89.39
9/6/2006,89.52
9/5/2006,89.48
9/4/2006,89.82
9/1/2006,89.66
8/31/2006,89.38
8/30/2006,89.12
8/29/2006,88.98
8/28/2006,88.8
8/25/2006,88.77
8/24/2006,88.81
8/23/2006,88.84
8/22/2006,88.43
8/21/2006,87.94
8/18/2006,88.33
8/17/2006,88.94
8/16/2006,88.83
8/15/2006,88.63
8/14/2006,89.12
8/11/2006,88.44
8/10/2006,88.29
8/9/2006,87.66
8/8/2006,87.89
8/7/2006,87.61
8/4/2006,87.5
8/3/2006,87.56
8/2/2006,87.76
8/1/2006,87.88
7/31/2006,87.98
7/28/2006,88.35
7/27/2006,88.59
7/26/2006,88.29
7/25/2006,88.05
7/24/2006,87.41
7/21/2006,87.89
7/20/2006,87.45
7/19/2006,87.45
7/18/2006,87.45
7/17/2006,87.45
7/14/2006,87.03
7/13/2006,86.84
7/12/2006,86.03
7/11/2006,85.27
7/10/2006,85.71
7/7/2006,85.92
7/6/2006,85.84
7/5/2006,85.52
7/4/2006,85.11
7/3/2006,85.08
6/30/2006,85.11
6/29/2006,84.95
6/28/2006,85.17
6/27/2006,85.13
6/26/2006,85.31
6/23/2006,85.21
6/22/2006,85
6/21/2006,84.8
6/20/2006,85.08
6/19/2006,85.08
6/16/2006,85.22
6/15/2006,84.78
6/14/2006,85.11
6/13/2006,85.34
6/12/2006,85.25
6/9/2006,84.67
6/8/2006,84.09
6/7/2006,83.89
6/6/2006,83.97
6/5/2006,84.06
6/2/2006,84.13
6/1/2006,84.73
5/31/2006,85.5
5/30/2006,85.28
5/29/2006,85.38
5/26/2006,84.98
5/25/2006,84.99
5/24/2006,84.2
5/23/2006,84.04
5/22/2006,84.69
5/19/2006,84.69
5/18/2006,84.17
5/17/2006,84.23
5/16/2006,84.06
5/15/2006,85.14
5/12/2006,85.89
5/11/2006,85.58
5/10/2006,85.94
5/9/2006,85.81
5/8/2006,86.94
5/5/2006,87.72
5/4/2006,87.55
5/3/2006,86.36
5/2/2006,86.12
5/1/2006,86.44
4/28/2006,86.3
4/27/2006,86.37
4/26/2006,85.64
4/25/2006,85.33
4/24/2006,86.72
4/21/2006,86.77
4/20/2006,87.58
4/19/2006,86.92
4/18/2006,86.84
4/17/2006,86.22
4/14/2006,86.22
4/13/2006,86.84
4/12/2006,86.77
4/11/2006,86.38
4/10/2006,85.91
4/7/2006,86.1
4/6/2006,85.43
4/5/2006,84.67
4/4/2006,84.23
4/3/2006,84.38
3/31/2006,83.83
3/30/2006,83.22
3/29/2006,83.14
3/28/2006,82.39
3/27/2006,83.42
3/24/2006,84.25
3/23/2006,84.09
3/22/2006,84.03
3/21/2006,83.82
3/20/2006,84.31
3/17/2006,86.2
3/16/2006,86.78
3/15/2006,86.72
3/14/2006,87.43
3/13/2006,87.11
3/10/2006,86.8
3/9/2006,86.53
3/8/2006,86.45
3/7/2006,87.06
3/6/2006,86.75
3/3/2006,86.72
3/2/2006,86.45
3/1/2006,86.45
